"item1"	"item2"	"weight"
"1"	"blocker"	"arb"	14.2027369221632
"2"	"arb"	"blocker"	14.2027369221632
"3"	"ritonavir"	"lopinavir"	14.0705633594453
"4"	"lopinavir"	"ritonavir"	14.0705633594453
"5"	"neck"	"head"	13.5766231241933
"6"	"head"	"neck"	13.5766231241933
"7"	"breath"	"shortness"	13.1950548902433
"8"	"shortness"	"breath"	13.1950548902433
"9"	"recipient"	"transplant"	9.55822164365626
"10"	"transplant"	"recipient"	9.55822164365626
"11"	"igm"	"igg"	8.08217602229791
"12"	"igg"	"igm"	8.08217602229791
"13"	"ggo"	"opacity"	7.59983028024758
"14"	"opacity"	"ggo"	7.59983028024758
"15"	"ground"	"glass"	7.46882307821111
"16"	"glass"	"ground"	7.46882307821111
"17"	"hcq"	"hydroxychloroquine"	7.44128789508985
"18"	"hydroxychloroquine"	"hcq"	7.44128789508985
"19"	"glass"	"ggo"	7.27287857854562
"20"	"ggo"	"glass"	7.27287857854562
"21"	"task"	"force"	7.24876673009939
"22"	"force"	"task"	7.24876673009939
"23"	"opacity"	"glass"	7.2219381668651
"24"	"glass"	"opacity"	7.2219381668651
"25"	"ggo"	"ground"	6.96579290554728
"26"	"ground"	"ggo"	6.96579290554728
"27"	"opacity"	"ground"	6.93299580517577
"28"	"ground"	"opacity"	6.93299580517577
"29"	"rbd"	"domain"	6.71458482943128
"30"	"domain"	"rbd"	6.71458482943128
"31"	"receiver"	"curve"	6.35433830370259
"32"	"curve"	"receiver"	6.35433830370259
"33"	"transplantation"	"transplant"	6.32327941025133
"34"	"transplant"	"transplantation"	6.32327941025133
"35"	"consolidation"	"opacity"	6.31237558287719
"36"	"opacity"	"consolidation"	6.31237558287719
"37"	"embase"	"cochrane"	6.2427501823253
"38"	"cochrane"	"embase"	6.2427501823253
"39"	"tnf"	"il"	6.20526168448309
"40"	"il"	"tnf"	6.20526168448309
"41"	"consolidation"	"glass"	6.15585994342472
"42"	"glass"	"consolidation"	6.15585994342472
"43"	"consolidation"	"ground"	5.88959557771057
"44"	"ground"	"consolidation"	5.88959557771057
"45"	"azithromycin"	"hydroxychloroquine"	5.52229157335054
"46"	"hydroxychloroquine"	"azithromycin"	5.52229157335054
"47"	"transcriptase"	"reverse"	5.44036190020463
"48"	"reverse"	"transcriptase"	5.44036190020463
"49"	"hydroxychloroquine"	"chloroquine"	5.15003191828643
"50"	"chloroquine"	"hydroxychloroquine"	5.15003191828643
"51"	"auc"	"curve"	5.142738700009
"52"	"curve"	"auc"	5.142738700009
"53"	"oxygenation"	"membrane"	5.00427091523964
"54"	"membrane"	"oxygenation"	5.00427091523964
"55"	"reverse"	"transcription"	4.67084197428004
"56"	"transcription"	"reverse"	4.67084197428004
"57"	"psycinfo"	"record"	4.66179272185756
"58"	"record"	"psycinfo"	4.66179272185756
"59"	"interleukin"	"il"	4.40736800223009
"60"	"il"	"interleukin"	4.40736800223009
"61"	"mellitus"	"diabete"	4.40062650791634
"62"	"diabete"	"mellitus"	4.40062650791634
"63"	"arb"	"inhibitor"	4.20028482091514
"64"	"inhibitor"	"arb"	4.20028482091514
"65"	"rbd"	"spike"	4.13668092407779
"66"	"spike"	"rbd"	4.13668092407779
"67"	"neutrophil"	"lymphocyte"	4.09581047295734
"68"	"lymphocyte"	"neutrophil"	4.09581047295734
"69"	"glycoprotein"	"spike"	4.03294094933911
"70"	"spike"	"glycoprotein"	4.03294094933911
"71"	"inhibitor"	"blocker"	3.80964488006876
"72"	"blocker"	"inhibitor"	3.80964488006876
"73"	"confidence"	"cus"	3.79740452819079
"74"	"cus"	"confidence"	3.79740452819079
"75"	"school"	"closure"	3.76981590710686
"76"	"closure"	"school"	3.76981590710686
"77"	"stay"	"length"	3.75330601150943
"78"	"length"	"stay"	3.75330601150943
"79"	"mutation"	"genome"	3.70213772337132
"80"	"genome"	"mutation"	3.70213772337132
"81"	"interval"	"confidence"	3.66355132869446
"82"	"confidence"	"interval"	3.66355132869446
"83"	"random"	"meta"	3.61036557477026
"84"	"meta"	"random"	3.61036557477026
"85"	"depression"	"anxiety"	3.57496264743313
"86"	"anxiety"	"depression"	3.57496264743313
"87"	"meta"	"embase"	3.56221704587859
"88"	"embase"	"meta"	3.56221704587859
"89"	"respirator"	"mask"	3.56011338976142
"90"	"mask"	"respirator"	3.56011338976142
"91"	"specificity"	"sensitivity"	3.54060886141743
"92"	"sensitivity"	"specificity"	3.54060886141743
"93"	"blocker"	"angiotensin"	3.53789521742375
"94"	"angiotensin"	"blocker"	3.53789521742375
"95"	"angiotensin"	"ace"	3.44433493193972
"96"	"ace"	"angiotensin"	3.44433493193972
"97"	"count"	"platelet"	3.44328148262369
"98"	"platelet"	"count"	3.44328148262369
"99"	"transcriptase"	"polymerase"	3.40903668780065
"100"	"polymerase"	"transcriptase"	3.40903668780065
"101"	"residency"	"program"	3.36676900794755
"102"	"program"	"residency"	3.36676900794755
"103"	"lymphocyte"	"count"	3.27849731302074
"104"	"count"	"lymphocyte"	3.27849731302074
"105"	"enzyme"	"arb"	3.23812589322613
"106"	"arb"	"enzyme"	3.23812589322613
"107"	"sequence"	"genome"	3.23436592474527
"108"	"genome"	"sequence"	3.23436592474527
"109"	"0.05"	"lt"	3.19725943855894
"110"	"lt"	"0.05"	3.19725943855894
"111"	"ct"	"ggo"	3.15251418851215
"112"	"ggo"	"ct"	3.15251418851215
"113"	"aerosol"	"droplet"	3.12082409820746
"114"	"droplet"	"aerosol"	3.12082409820746
"115"	"reverse"	"polymerase"	3.11373334126011
"116"	"polymerase"	"reverse"	3.11373334126011
"117"	"inclusion"	"criterion"	3.09615649464486
"118"	"criterion"	"inclusion"	3.09615649464486
"119"	"glucose"	"diabete"	3.07870738854383
"120"	"diabete"	"glucose"	3.07870738854383
"121"	"interval"	"cus"	3.06303105935176
"122"	"cus"	"interval"	3.06303105935176
"123"	"swab"	"nasopharyngeal"	3.05490420149001
"124"	"nasopharyngeal"	"swab"	3.05490420149001
"125"	"hygiene"	"hand"	3.03286734373421
"126"	"hand"	"hygiene"	3.03286734373421
"127"	"enzyme"	"angiotensin"	3.00400655651714
"128"	"angiotensin"	"enzyme"	3.00400655651714
"129"	"chain"	"polymerase"	2.98686877886144
"130"	"polymerase"	"chain"	2.98686877886144
"131"	"sequence"	"mutation"	2.95648725298544
"132"	"mutation"	"sequence"	2.95648725298544
"133"	"cytokine"	"storm"	2.93423156656386
"134"	"storm"	"cytokine"	2.93423156656386
"135"	"reaction"	"polymerase"	2.92767077735745
"136"	"polymerase"	"reaction"	2.92767077735745
"137"	"dimer"	"coagulation"	2.91525604341374
"138"	"coagulation"	"dimer"	2.91525604341374
"139"	"lesion"	"consolidation"	2.90375076259089
"140"	"consolidation"	"lesion"	2.90375076259089
"141"	"chain"	"transcriptase"	2.90136182736868
"142"	"transcriptase"	"chain"	2.90136182736868
"143"	"teaching"	"student"	2.89189194385323
"144"	"student"	"teaching"	2.89189194385323
"145"	"neutrophil"	"count"	2.86430793616855
"146"	"count"	"neutrophil"	2.86430793616855
"147"	"transcriptase"	"reaction"	2.83753343222734
"148"	"reaction"	"transcriptase"	2.83753343222734
"149"	"polymerase"	"transcription"	2.82396097545155
"150"	"transcription"	"polymerase"	2.82396097545155
"151"	"ray"	"chest"	2.76488080707849
"152"	"chest"	"ray"	2.76488080707849
"153"	"igm"	"antibody"	2.72504832822347
"154"	"antibody"	"igm"	2.72504832822347
"155"	"enzyme"	"blocker"	2.72296950112198
"156"	"blocker"	"enzyme"	2.72296950112198
"157"	"lymphocyte"	"crp"	2.69562707309314
"158"	"crp"	"lymphocyte"	2.69562707309314
"159"	"oncology"	"cancer"	2.68409820997236
"160"	"cancer"	"oncology"	2.68409820997236
"161"	"reverse"	"reaction"	2.6568369329511
"162"	"reaction"	"reverse"	2.6568369329511
"163"	"reverse"	"chain"	2.65003515194363
"164"	"chain"	"reverse"	2.65003515194363
"165"	"chemotherapy"	"cancer"	2.64711522818153
"166"	"cancer"	"chemotherapy"	2.64711522818153
"167"	"recipient"	"kidney"	2.63066769028424
"168"	"kidney"	"recipient"	2.63066769028424
"169"	"igg"	"antibody"	2.61933385730007
"170"	"antibody"	"igg"	2.61933385730007
"171"	"ace"	"enzyme"	2.61171452529365
"172"	"enzyme"	"ace"	2.61171452529365
"173"	"transplant"	"kidney"	2.59698939254653
"174"	"kidney"	"transplant"	2.59698939254653
"175"	"ppe"	"equipment"	2.56902934553884
"176"	"equipment"	"ppe"	2.56902934553884
"177"	"scan"	"opacity"	2.53190742129329
"178"	"opacity"	"scan"	2.53190742129329
"179"	"pcr"	"rt"	2.52576346217656
"180"	"rt"	"pcr"	2.52576346217656
"181"	"cough"	"fatigue"	2.52477419169739
"182"	"fatigue"	"cough"	2.52477419169739
"183"	"web"	"science"	2.52352543004671
"184"	"science"	"web"	2.52352543004671
"185"	"scor"	"score"	2.50728521882572
"186"	"score"	"scor"	2.50728521882572
"187"	"scan"	"ct"	2.50611632128781
"188"	"ct"	"scan"	2.50611632128781
"189"	"reaction"	"chain"	2.50162791669875
"190"	"chain"	"reaction"	2.50162791669875
"191"	"lesion"	"glass"	2.49183221189659
"192"	"glass"	"lesion"	2.49183221189659
"193"	"receptor"	"arb"	2.48833539542894
"194"	"arb"	"receptor"	2.48833539542894
"195"	"lesion"	"opacity"	2.47824320747724
"196"	"opacity"	"lesion"	2.47824320747724
"197"	"cus"	"ci"	2.47714023714071
"198"	"ci"	"cus"	2.47714023714071
"199"	"domain"	"spike"	2.46877996271302
"200"	"spike"	"domain"	2.46877996271302
"201"	"scan"	"tomography"	2.45943376236186
"202"	"tomography"	"scan"	2.45943376236186
"203"	"scan"	"glass"	2.45719397689434
"204"	"glass"	"scan"	2.45719397689434
"205"	"protective"	"equipment"	2.44208733098796
"206"	"equipment"	"protective"	2.44208733098796
"207"	"pregnancy"	"woman"	2.43013400953659
"208"	"woman"	"pregnancy"	2.43013400953659
"209"	"ed"	"department"	2.423749762263
"210"	"department"	"ed"	2.423749762263
"211"	"shortness"	"cough"	2.41499004944945
"212"	"cough"	"shortness"	2.41499004944945
"213"	"breast"	"cancer"	2.41274982349949
"214"	"cancer"	"breast"	2.41274982349949
"215"	"hypertension"	"diabete"	2.39584577413302
"216"	"diabete"	"hypertension"	2.39584577413302
"217"	"dyspnea"	"cough"	2.37613125892272
"218"	"cough"	"dyspnea"	2.37613125892272
"219"	"transcription"	"chain"	2.37431873842483
"220"	"chain"	"transcription"	2.37431873842483
"221"	"tomography"	"opacity"	2.37336801243604
"222"	"opacity"	"tomography"	2.37336801243604
"223"	"human"	"animal"	2.36939916995603
"224"	"animal"	"human"	2.36939916995603
"225"	"dose"	"mg"	2.36487097085603
"226"	"mg"	"dose"	2.36487097085603
"227"	"reaction"	"transcription"	2.36414972767534
"228"	"transcription"	"reaction"	2.36414972767534
"229"	"ground"	"lesion"	2.34872147929846
"230"	"lesion"	"ground"	2.34872147929846
"231"	"tomography"	"glass"	2.34057581355243
"232"	"glass"	"tomography"	2.34057581355243
"233"	"web"	"embase"	2.33213757338873
"234"	"embase"	"web"	2.33213757338872
"235"	"chest"	"opacity"	2.32929334908505
"236"	"opacity"	"chest"	2.32929334908505
"237"	"female"	"male"	2.32469495557202
"238"	"male"	"female"	2.32469495557202
"239"	"scan"	"ground"	2.31494462754854
"240"	"ground"	"scan"	2.31494462754854
"241"	"reverse"	"rt"	2.31196070685243
"242"	"rt"	"reverse"	2.31196070685243
"243"	"ct"	"opacity"	2.30925458025108
"244"	"opacity"	"ct"	2.30925458025108
"245"	"ace"	"inhibitor"	2.30032614939025
"246"	"inhibitor"	"ace"	2.30032614939025
"247"	"blocker"	"receptor"	2.30011294011891
"248"	"receptor"	"blocker"	2.30011294011891
"249"	"ct"	"glass"	2.29087478892205
"250"	"glass"	"ct"	2.29087478892205
"251"	"hcw"	"worker"	2.28870902520463
"252"	"worker"	"hcw"	2.28870902520463
"253"	"titer"	"antibody"	2.2857508796545
"254"	"antibody"	"titer"	2.2857508796545
"255"	"transcriptase"	"rt"	2.27664178894029
"256"	"rt"	"transcriptase"	2.27664178894029
"257"	"ground"	"tomography"	2.26443485478352
"258"	"tomography"	"ground"	2.26443485478352
"259"	"consolidation"	"ct"	2.25530771905256
"260"	"ct"	"consolidation"	2.25530771905256
"261"	"protease"	"inhibitor"	2.23587151982175
"262"	"inhibitor"	"protease"	2.23587151982175
"263"	"rbd"	"receptor"	2.22501709899865
"264"	"receptor"	"rbd"	2.22501709899865
"265"	"throat"	"swab"	2.22380869993303
"266"	"swab"	"throat"	2.22380869993303
"267"	"distress"	"ard"	2.21407924024095
"268"	"ard"	"distress"	2.21407924024095
"269"	"rt"	"transcription"	2.21372078314813
"270"	"transcription"	"rt"	2.21372078314813
"271"	"cough"	"fever"	2.20665933470409
"272"	"fever"	"cough"	2.20665933470409
"273"	"consolidation"	"chest"	2.20635772229678
"274"	"chest"	"consolidation"	2.20635772229678
"275"	"breath"	"cough"	2.19259591115709
"276"	"cough"	"breath"	2.19259591115709
"277"	"ct"	"ground"	2.18070356946134
"278"	"ground"	"ct"	2.18070356946134
"279"	"adolescent"	"child"	2.15626620968125
"280"	"child"	"adolescent"	2.15626620968125
"281"	"radiologist"	"chest"	2.14253467882118
"282"	"chest"	"radiologist"	2.14253467882118
"283"	"chest"	"glass"	2.14132361131861
"284"	"glass"	"chest"	2.14132361131861
"285"	"igg"	"specificity"	2.13753073767674
"286"	"specificity"	"igg"	2.13753073767674
"287"	"cytokine"	"il"	2.12188352397786
"288"	"il"	"cytokine"	2.12188352397786
"289"	"surgeon"	"surgery"	2.12057611798319
"290"	"surgery"	"surgeon"	2.12057611798319
"291"	"student"	"school"	2.11578540017633
"292"	"school"	"student"	2.11578540017633
"293"	"macrophage"	"cytokine"	2.11489531514991
"294"	"cytokine"	"macrophage"	2.11489531514991
"295"	"panel"	"expert"	2.10795959179992
"296"	"expert"	"panel"	2.10795959179992
"297"	"parent"	"child"	2.10687428505004
"298"	"child"	"parent"	2.10687428505004
"299"	"tracing"	"contact"	2.09557066002008
"300"	"contact"	"tracing"	2.09557066002008
"301"	"consensus"	"expert"	2.08225375022401
"302"	"expert"	"consensus"	2.08225375022401
"303"	"physicians"	"physician"	2.06754596506244
"304"	"physician"	"physicians"	2.06754596506244
"305"	"myalgia"	"fever"	2.06515479995316
"306"	"fever"	"myalgia"	2.06515479995316
"307"	"ace"	"receptor"	2.05473359730076
"308"	"receptor"	"ace"	2.05473359730076
"309"	"scan"	"chest"	2.04707521293311
"310"	"chest"	"scan"	2.04707521293311
"311"	"birth"	"woman"	2.04478253565881
"312"	"woman"	"birth"	2.04478253565881
"313"	"accuracy"	"specificity"	2.03663051662821
"314"	"specificity"	"accuracy"	2.03663051662821
"315"	"release"	"cytokine"	2.03255674085549
"316"	"cytokine"	"release"	2.03255674085549
"317"	"regression"	"linear"	2.03238377485268
"318"	"linear"	"regression"	2.03238377485268
"319"	"igg"	"assay"	2.03207370366899
"320"	"assay"	"igg"	2.03207370366899
"321"	"shortness"	"fever"	2.02638428660779
"322"	"fever"	"shortness"	2.02638428660779
"323"	"tomography"	"ct"	2.02396000911005
"324"	"ct"	"tomography"	2.02396000911005
"325"	"coronaviruse"	"bat"	2.01847299768747
"326"	"bat"	"coronaviruse"	2.01847299768747
"327"	"ground"	"chest"	2.0184447903746
"328"	"chest"	"ground"	2.0184447903746
"329"	"odd"	"confidence"	2.01032316808546
"330"	"confidence"	"odd"	2.01032316808546
"331"	"crp"	"count"	2.01002874490244
"332"	"count"	"crp"	2.01002874490244
"333"	"chest"	"tomography"	2.00328750784363
"334"	"tomography"	"chest"	2.00328750784363
"335"	"serum"	"igg"	2.00252332048618
"336"	"igg"	"serum"	2.00252332048618
"337"	"consolidation"	"tomography"	1.99779827103847
"338"	"tomography"	"consolidation"	1.99779827103847
"339"	"angiotensin"	"receptor"	1.99154200496264
"340"	"receptor"	"angiotensin"	1.99154200496264
"341"	"ct"	"radiologist"	1.9831725952725
"342"	"radiologist"	"ct"	1.9831725952725
"343"	"obesity"	"hypertension"	1.97692305968886
"344"	"hypertension"	"obesity"	1.97692305968886
"345"	"science"	"embase"	1.95763372948689
"346"	"embase"	"science"	1.95763372948689
"347"	"odd"	"ratio"	1.94779696810208
"348"	"ratio"	"odd"	1.94779696810208
"349"	"opinion"	"expert"	1.94730229848061
"350"	"expert"	"opinion"	1.94730229848061
"351"	"obesity"	"diabete"	1.9393865458973
"352"	"diabete"	"obesity"	1.9393865458973
"353"	"ct"	"chest"	1.92864937416838
"354"	"chest"	"ct"	1.92864937416838
"355"	"expression"	"gene"	1.92053754565841
"356"	"gene"	"expression"	1.92053754565841
"357"	"rbd"	"antibody"	1.91579567155519
"358"	"antibody"	"rbd"	1.91579567155519
"359"	"il"	"release"	1.9145394529625
"360"	"release"	"il"	1.9145394529625
"361"	"quo"	"quot"	1.89785536749792
"362"	"quot"	"quo"	1.89785536749792
"363"	"antibody"	"antigen"	1.89520853858146
"364"	"antigen"	"antibody"	1.89520853858146
"365"	"breath"	"fever"	1.88269575227801
"366"	"fever"	"breath"	1.88269575227801
"367"	"simulation"	"dynamics"	1.88171756765855
"368"	"dynamics"	"simulation"	1.88171756765855
"369"	"ratio"	"hazard"	1.86867279007026
"370"	"hazard"	"ratio"	1.86867279007026
"371"	"lt"	"2009"	1.86451555677219
"372"	"2009"	"lt"	1.86451555677219
"373"	"respondent"	"survey"	1.84907059969952
"374"	"survey"	"respondent"	1.84907059969952
"375"	"entry"	"protease"	1.83640886718776
"376"	"protease"	"entry"	1.83640886718776
"377"	"maker"	"policy"	1.82874247065794
"378"	"policy"	"maker"	1.82874247065794
"379"	"transcriptase"	"pcr"	1.82656100974376
"380"	"pcr"	"transcriptase"	1.82656100974376
"381"	"teaching"	"education"	1.815084247062
"382"	"education"	"teaching"	1.815084247062
"383"	"assay"	"igm"	1.80977624411139
"384"	"igm"	"assay"	1.80977624411139
"385"	"cancer"	"tumor"	1.78720000519723
"386"	"tumor"	"cancer"	1.78720000519723
"387"	"respirator"	"equipment"	1.78502728683422
"388"	"equipment"	"respirator"	1.78502728683422
"389"	"fatigue"	"fever"	1.76665620886804
"390"	"fever"	"fatigue"	1.76665620886804
"391"	"mother"	"woman"	1.76600297785315
"392"	"woman"	"mother"	1.76600297785315
"393"	"reverse"	"pcr"	1.75515341619687
"394"	"pcr"	"reverse"	1.75515341619687
"395"	"dyspnea"	"fever"	1.75148544769701
"396"	"fever"	"dyspnea"	1.75148544769701
"397"	"diarrhea"	"cough"	1.74858949335137
"398"	"cough"	"diarrhea"	1.74858949335137
"399"	"supply"	"shortage"	1.7309652625341
"400"	"shortage"	"supply"	1.7309652625341
"401"	"odd"	"interval"	1.72218613778814
"402"	"interval"	"odd"	1.72218613778814
"403"	"stress"	"depression"	1.7188609566069
"404"	"depression"	"stress"	1.7188609566069
"405"	"polymerase"	"rt"	1.70493507064761
"406"	"rt"	"polymerase"	1.70493507064761
"407"	"binding"	"receptor"	1.69445154188364
"408"	"receptor"	"binding"	1.69445154188364
"409"	"perception"	"respondent"	1.69118249523404
"410"	"respondent"	"perception"	1.69118249523404
"411"	"image"	"glass"	1.68752184933554
"412"	"glass"	"image"	1.68752184933554
"413"	"assay"	"specificity"	1.68733179162065
"414"	"specificity"	"assay"	1.68733179162065
"415"	"oxygenation"	"ventilation"	1.68646175242696
"416"	"ventilation"	"oxygenation"	1.68646175242696
"417"	"student"	"education"	1.67249801109322
"418"	"education"	"student"	1.67249801109322
"419"	"enzyme"	"receptor"	1.65245328908111
"420"	"receptor"	"enzyme"	1.65245328908111
"421"	"image"	"ct"	1.649794443481
"422"	"ct"	"image"	1.649794443481
"423"	"image"	"opacity"	1.63500542547535
"424"	"opacity"	"image"	1.63500542547535
"425"	"ventilation"	"oxygen"	1.62204688482412
"426"	"oxygen"	"ventilation"	1.62204688482412
"427"	"pcr"	"transcription"	1.61665093034563
"428"	"transcription"	"pcr"	1.61665093034563
"429"	"ratio"	"cus"	1.608878478395
"430"	"cus"	"ratio"	1.608878478395
"431"	"confidence"	"ci"	1.5878320897844
"432"	"ci"	"confidence"	1.5878320897844
"433"	"image"	"chest"	1.5826752099991
"434"	"chest"	"image"	1.5826752099991
"435"	"liver"	"kidney"	1.56707958157305
"436"	"kidney"	"liver"	1.56707958157305
"437"	"image"	"ground"	1.55866930215513
"438"	"ground"	"image"	1.55866930215513
"439"	"trial"	"label"	1.55764086626296
"440"	"label"	"trial"	1.55764086626296
"441"	"food"	"administration"	1.55588251560275
"442"	"administration"	"food"	1.55588251560275
"443"	"specimen"	"swab"	1.55340440999859
"444"	"swab"	"specimen"	1.55340440999859
"445"	"accuracy"	"sensitivity"	1.54783170433698
"446"	"sensitivity"	"accuracy"	1.54783170433698
"447"	"protein"	"spike"	1.54654917172592
"448"	"spike"	"protein"	1.54654917172592
"449"	"odd"	"regression"	1.54326110629575
"450"	"regression"	"odd"	1.54326110629575
"451"	"entry"	"enzyme"	1.5415990518176
"452"	"enzyme"	"entry"	1.5415990518176
"453"	"rbd"	"protein"	1.54122218237416
"454"	"protein"	"rbd"	1.54122218237416
"455"	"anti"	"antibody"	1.53713152708841
"456"	"antibody"	"anti"	1.53713152708841
"457"	"registration"	"trial"	1.53580536915061
"458"	"trial"	"registration"	1.53580536915061
"459"	"samples"	"assay"	1.53497399111253
"460"	"assay"	"samples"	1.53497399111253
"461"	"receptor"	"affinity"	1.53231176792852
"462"	"affinity"	"receptor"	1.53231176792852
"463"	"storm"	"il"	1.5261814135623
"464"	"il"	"storm"	1.5261814135623
"465"	"polymerase"	"pcr"	1.52009910031082
"466"	"pcr"	"polymerase"	1.52009910031082
"467"	"specificity"	"performance"	1.51579839469434
"468"	"performance"	"specificity"	1.51579839469434
"469"	"stress"	"anxiety"	1.51479778383853
"470"	"anxiety"	"stress"	1.51479778383853
"471"	"ratio"	"confidence"	1.51365509126435
"472"	"confidence"	"ratio"	1.51365509126435
"473"	"unit"	"icu"	1.51205454062613
"474"	"icu"	"unit"	1.51205454062613
"475"	"sensitivity"	"igm"	1.50817667536694
"476"	"igm"	"sensitivity"	1.50817667536694
"477"	"sensitivity"	"assay"	1.50181026881651
"478"	"assay"	"sensitivity"	1.50181026881651
"479"	"epitope"	"vaccine"	1.49891925634723
"480"	"vaccine"	"epitope"	1.49891925634723
"481"	"learning"	"education"	1.49564634344153
"482"	"education"	"learning"	1.49564634344153
"483"	"diarrhea"	"fever"	1.49050608203317
"484"	"fever"	"diarrhea"	1.49050608203317
"485"	"surgery"	"operating"	1.49002427229821
"486"	"operating"	"surgery"	1.49002427229821
"487"	"maker"	"decision"	1.48847147847956
"488"	"decision"	"maker"	1.48847147847956
"489"	"receptor"	"glycoprotein"	1.48830837301812
"490"	"glycoprotein"	"receptor"	1.48830837301812
"491"	"stem"	"cell"	1.47785239019238
"492"	"cell"	"stem"	1.47785239019238
"493"	"reaction"	"rt"	1.47487010634164
"494"	"rt"	"reaction"	1.47487010634164
"495"	"chain"	"rt"	1.46478947311423
"496"	"rt"	"chain"	1.46478947311423
"497"	"angiotensin"	"inhibitor"	1.45289563595535
"498"	"inhibitor"	"angiotensin"	1.45289563595535
"499"	"tomography"	"image"	1.44575916207526
"500"	"image"	"tomography"	1.44575916207526
"501"	"anxiety"	"fear"	1.44300449423668
"502"	"fear"	"anxiety"	1.44300449423668
"503"	"questionnaire"	"item"	1.44287311193285
"504"	"item"	"questionnaire"	1.44287311193285
"505"	"respondent"	"questionnaire"	1.4400872864431
"506"	"questionnaire"	"respondent"	1.4400872864431
"507"	"resource"	"allocation"	1.43251556669747
"508"	"allocation"	"resource"	1.43251556669747
"509"	"intubation"	"ventilation"	1.43136576904315
"510"	"ventilation"	"intubation"	1.43136576904315
"511"	"ratio"	"neutrophil"	1.43058534380379
"512"	"neutrophil"	"ratio"	1.43058534380379
"513"	"lesion"	"ct"	1.42753461339179
"514"	"ct"	"lesion"	1.42753461339179
"515"	"ppe"	"mask"	1.42749672232987
"516"	"mask"	"ppe"	1.42749672232987
"517"	"residue"	"protein"	1.42704284155295
"518"	"protein"	"residue"	1.42704284155295
"519"	"entry"	"angiotensin"	1.42613928864561
"520"	"angiotensin"	"entry"	1.42613928864561
"521"	"cough"	"glass"	1.42073440294001
"522"	"glass"	"cough"	1.42073440294001
"523"	"ultrasound"	"lung"	1.42041010232466
"524"	"lung"	"ultrasound"	1.42041010232466
"525"	"cough"	"opacity"	1.42016116500162
"526"	"opacity"	"cough"	1.42016116500162
"527"	"angiotensin"	"expression"	1.41858185653475
"528"	"expression"	"angiotensin"	1.41858185653475
"529"	"trials"	"trial"	1.41746893795416
"530"	"trial"	"trials"	1.41746893795416
"531"	"sensitivity"	"igg"	1.41405195461036
"532"	"igg"	"sensitivity"	1.41405195461036
"533"	"enzyme"	"expression"	1.41259500624136
"534"	"expression"	"enzyme"	1.41259500624136
"535"	"restriction"	"travel"	1.39438148712449
"536"	"travel"	"restriction"	1.39438148712449
"537"	"inhibitor"	"compound"	1.38710360337221
"538"	"compound"	"inhibitor"	1.38710360337221
"539"	"receptor"	"spike"	1.38662964783445
"540"	"spike"	"receptor"	1.38662964783445
"541"	"il"	"lymphocyte"	1.38589896135254
"542"	"lymphocyte"	"il"	1.38589896135254
"543"	"expression"	"entry"	1.3849583540041
"544"	"entry"	"expression"	1.3849583540041
"545"	"enzyme"	"inhibitor"	1.38261032290887
"546"	"inhibitor"	"enzyme"	1.38261032290887
"547"	"binding"	"protein"	1.38021580229884
"548"	"protein"	"binding"	1.38021580229884
"549"	"tissue"	"expression"	1.37796081158056
"550"	"expression"	"tissue"	1.37796081158056
"551"	"demand"	"supply"	1.37745827229826
"552"	"supply"	"demand"	1.37745827229826
"553"	"ci"	"interval"	1.37533358068306
"554"	"interval"	"ci"	1.37533358068306
"555"	"cough"	"ground"	1.37497761993732
"556"	"ground"	"cough"	1.37497761993732
"557"	"protein"	"affinity"	1.36885869136088
"558"	"affinity"	"protein"	1.36885869136088
"559"	"entry"	"receptor"	1.3616438306336
"560"	"receptor"	"entry"	1.3616438306336
"561"	"comorbidity"	"hypertension"	1.3593936675024
"562"	"hypertension"	"comorbidity"	1.3593936675024
"563"	"vaccination"	"vaccine"	1.35703184729066
"564"	"vaccine"	"vaccination"	1.35703184729066
"565"	"adverse"	"event"	1.35528409198434
"566"	"event"	"adverse"	1.35528409198434
"567"	"epitope"	"protein"	1.35391663166136
"568"	"protein"	"epitope"	1.35391663166136
"569"	"perception"	"questionnaire"	1.35073530011503
"570"	"questionnaire"	"perception"	1.35073530011503
"571"	"cardiac"	"injury"	1.34997978632907
"572"	"injury"	"cardiac"	1.34997978632907
"573"	"incubation"	"period"	1.34669916469882
"574"	"period"	"incubation"	1.34669916469882
"575"	"entry"	"spike"	1.34628623033697
"576"	"spike"	"entry"	1.34628623033697
"577"	"cytokine"	"activation"	1.34381306630307
"578"	"activation"	"cytokine"	1.34381306630307
"579"	"pcr"	"reaction"	1.34348799916753
"580"	"reaction"	"pcr"	1.34348799916753
"581"	"reverse"	"specimen"	1.33703736717736
"582"	"specimen"	"reverse"	1.33703736717736
"583"	"enzyme"	"protease"	1.33671847447754
"584"	"protease"	"enzyme"	1.33671847447754
"585"	"ratio"	"interval"	1.3326440351932
"586"	"interval"	"ratio"	1.3326440351932
"587"	"questionnaire"	"depression"	1.33213790527256
"588"	"depression"	"questionnaire"	1.33213790527256
"589"	"regression"	"predictor"	1.32141863153436
"590"	"predictor"	"regression"	1.32141863153436
"591"	"procedure"	"aerosol"	1.32132832575747
"592"	"aerosol"	"procedure"	1.32132832575747
"593"	"pcr"	"chain"	1.31306685456689
"594"	"chain"	"pcr"	1.31306685456689
"595"	"kidney"	"heart"	1.3088724170948
"596"	"heart"	"kidney"	1.3088724170948
"597"	"domain"	"receptor"	1.30884386610774
"598"	"receptor"	"domain"	1.30884386610774
"599"	"oxygan"	"ventilation"	1.30311500823288
"600"	"ventilation"	"oxygan"	1.30311500823288
"601"	"kidney"	"injury"	1.29816519632297
"602"	"injury"	"kidney"	1.29816519632297
"603"	"fusion"	"protein"	1.28380964386241
"604"	"protein"	"fusion"	1.28380964386241
"605"	"specimen"	"assay"	1.27779140000902
"606"	"assay"	"specimen"	1.27779140000902
"607"	"lung"	"fibrosis"	1.26991786326408
"608"	"fibrosis"	"lung"	1.26991786326408
"609"	"coronaviruse"	"human"	1.26831521232569
"610"	"human"	"coronaviruse"	1.26831521232569
"611"	"registration"	"protocol"	1.2658773483367
"612"	"protocol"	"registration"	1.2658773483367
"613"	"telehealth"	"provider"	1.26566383991408
"614"	"provider"	"telehealth"	1.26566383991408
"615"	"samples"	"sample"	1.26197065058795
"616"	"sample"	"samples"	1.26197065058795
"617"	"throat"	"fever"	1.2611069208908
"618"	"fever"	"throat"	1.2611069208908
"619"	"membrane"	"spike"	1.26056566176474
"620"	"spike"	"membrane"	1.26056566176474
"621"	"antibody"	"assay"	1.25962924987039
"622"	"assay"	"antibody"	1.25962924987039
"623"	"gene"	"sequence"	1.25471112268262
"624"	"sequence"	"gene"	1.25471112268262
"625"	"dehydrogenase"	"protein"	1.25429430215924
"626"	"protein"	"dehydrogenase"	1.25429430215924
"627"	"protease"	"target"	1.25387287428122
"628"	"target"	"protease"	1.25387287428122
"629"	"delivery"	"pregnancy"	1.25005363412924
"630"	"pregnancy"	"delivery"	1.25005363412924
"631"	"expression"	"receptor"	1.24692502578131
"632"	"receptor"	"expression"	1.24692502578131
"633"	"entry"	"host"	1.2455888803329
"634"	"host"	"entry"	1.2455888803329
"635"	"storm"	"activation"	1.24244487364768
"636"	"activation"	"storm"	1.24244487364768
"637"	"target"	"compound"	1.23399325562227
"638"	"compound"	"target"	1.23399325562227
"639"	"lesion"	"chest"	1.2265176381287
"640"	"chest"	"lesion"	1.2265176381287
"641"	"coronaviruse"	"animal"	1.22353478487296
"642"	"animal"	"coronaviruse"	1.22353478487296
"643"	"fda"	"drug"	1.21853804832173
"644"	"drug"	"fda"	1.21853804832173
"645"	"molecule"	"inhibitor"	1.21713332805664
"646"	"inhibitor"	"molecule"	1.21713332805664
"647"	"replacement"	"therapy"	1.21687748607753
"648"	"therapy"	"replacement"	1.21687748607753
"649"	"male"	"sex"	1.21397562457112
"650"	"sex"	"male"	1.21397562457112
"651"	"docking"	"drug"	1.21371638512026
"652"	"drug"	"docking"	1.21371638512026
"653"	"count"	"blood"	1.19934047209338
"654"	"blood"	"count"	1.19934047209338
"655"	"antibody"	"serum"	1.19676629098043
"656"	"serum"	"antibody"	1.19676629098043
"657"	"performance"	"sensitivity"	1.19471778349754
"658"	"sensitivity"	"performance"	1.19471778349754
"659"	"il"	"inflammation"	1.19441288667759
"660"	"inflammation"	"il"	1.19441288667759
"661"	"ventilator"	"ventilation"	1.19125210190817
"662"	"ventilation"	"ventilator"	1.19125210190817
"663"	"genome"	"rna"	1.18784761708138
"664"	"rna"	"genome"	1.18784761708138
"665"	"reverse"	"swab"	1.18734659490325
"666"	"swab"	"reverse"	1.18734659490325
"667"	"meta"	"confidence"	1.1841642945609
"668"	"confidence"	"meta"	1.1841642945609
"669"	"rt"	"assay"	1.18350179683443
"670"	"assay"	"rt"	1.18350179683443
"671"	"questionnaire"	"anxiety"	1.18313340689256
"672"	"anxiety"	"questionnaire"	1.18313340689256
"673"	"scale"	"depression"	1.18242007805859
"674"	"depression"	"scale"	1.18242007805859
"675"	"trauma"	"surgery"	1.1805134389019
"676"	"surgery"	"trauma"	1.1805134389019
"677"	"crp"	"protein"	1.17774112878802
"678"	"protein"	"crp"	1.17774112878802
"679"	"coronaviruse"	"viruse"	1.17680812008363
"680"	"viruse"	"coronaviruse"	1.17680812008363
"681"	"detection"	"assay"	1.17418026919185
"682"	"assay"	"detection"	1.17418026919185
"683"	"emergency"	"ed"	1.17131045201378
"684"	"ed"	"emergency"	1.17131045201378
"685"	"chloroquine"	"drug"	1.17063266391897
"686"	"drug"	"chloroquine"	1.17063266391897
"687"	"rt"	"swab"	1.16883825225427
"688"	"swab"	"rt"	1.16883825225427
"689"	"blood"	"neutrophil"	1.16515415831346
"690"	"neutrophil"	"blood"	1.16515415831346
"691"	"attitude"	"survey"	1.16073507166069
"692"	"survey"	"attitude"	1.16073507166069
"693"	"surface"	"spike"	1.15613008297993
"694"	"spike"	"surface"	1.15613008297993
"695"	"median"	"range"	1.15458450683759
"696"	"range"	"median"	1.15458450683759
"697"	"clinic"	"visit"	1.15353982298965
"698"	"visit"	"clinic"	1.15353982298965
"699"	"mask"	"shortage"	1.15319712760718
"700"	"shortage"	"mask"	1.15319712760718
"701"	"operating"	"procedure"	1.15311102484778
"702"	"procedure"	"operating"	1.15311102484778
"703"	"antibody"	"spike"	1.15085983224216
"704"	"spike"	"antibody"	1.15085983224216
"705"	"specimen"	"rt"	1.1497163959383
"706"	"rt"	"specimen"	1.1497163959383
"707"	"consolidation"	"lung"	1.14857679677448
"708"	"lung"	"consolidation"	1.14857679677448
"709"	"plasma"	"antibody"	1.14787877909397
"710"	"antibody"	"plasma"	1.14787877909397
"711"	"heart"	"hypertension"	1.14576486694232
"712"	"hypertension"	"heart"	1.14576486694232
"713"	"peptide"	"protein"	1.14482229887682
"714"	"protein"	"peptide"	1.14482229887682
"715"	"inflammation"	"cytokine"	1.140638433948
"716"	"cytokine"	"inflammation"	1.140638433948
"717"	"domain"	"structure"	1.13288084179103
"718"	"structure"	"domain"	1.13288084179103
"719"	"serum"	"assay"	1.13217382003848
"720"	"assay"	"serum"	1.13217382003848
"721"	"igm"	"detection"	1.13203742308339
"722"	"detection"	"igm"	1.13203742308339
"723"	"storm"	"inflammation"	1.13173897608212
"724"	"inflammation"	"storm"	1.13173897608212
"725"	"opacity"	"fever"	1.12952208476053
"726"	"fever"	"opacity"	1.12952208476053
"727"	"reverse"	"assay"	1.12803851399017
"728"	"assay"	"reverse"	1.12803851399017
"729"	"questionnaire"	"participant"	1.12579903896824
"730"	"participant"	"questionnaire"	1.12579903896824
"731"	"protein"	"glycoprotein"	1.12247789120643
"732"	"glycoprotein"	"protein"	1.12247789120643
"733"	"variable"	"regression"	1.11967612736105
"734"	"regression"	"variable"	1.11967612736105
"735"	"regression"	"ci"	1.11928381803481
"736"	"ci"	"regression"	1.11928381803481
"737"	"protease"	"host"	1.11427533850901
"738"	"host"	"protease"	1.11427533850901
"739"	"attitude"	"knowledge"	1.11267150761677
"740"	"knowledge"	"attitude"	1.11267150761677
"741"	"diabete"	"comorbidity"	1.11258874125061
"742"	"comorbidity"	"diabete"	1.11258874125061
"743"	"storm"	"ard"	1.1117309292369
"744"	"ard"	"storm"	1.1117309292369
"745"	"heart"	"failure"	1.10712763781001
"746"	"failure"	"heart"	1.10712763781001
"747"	"sign"	"glass"	1.10276829803083
"748"	"glass"	"sign"	1.10276829803083
"749"	"blood"	"lymphocyte"	1.10186721011956
"750"	"lymphocyte"	"blood"	1.10186721011956
"751"	"pcr"	"swab"	1.10177376237083
"752"	"swab"	"pcr"	1.10177376237083
"753"	"ci"	"ratio"	1.10105325091073
"754"	"ratio"	"ci"	1.10105325091073
"755"	"questionnaire"	"survey"	1.10052429539256
"756"	"survey"	"questionnaire"	1.10052429539256
"757"	"opacity"	"distribution"	1.09990475598481
"758"	"distribution"	"opacity"	1.09990475598481
"759"	"perception"	"survey"	1.09947811280962
"760"	"survey"	"perception"	1.09947811280962
"761"	"performance"	"assay"	1.09713976241376
"762"	"assay"	"performance"	1.09713976241376
"763"	"detection"	"samples"	1.09649155660465
"764"	"samples"	"detection"	1.09649155660465
"765"	"glass"	"fever"	1.09607595045545
"766"	"fever"	"glass"	1.09607595045545
"767"	"mask"	"hand"	1.09310907459069
"768"	"hand"	"mask"	1.09310907459069
"769"	"admission"	"icu"	1.08613642757466
"770"	"icu"	"admission"	1.08613642757466
"771"	"attitude"	"participant"	1.08383009063899
"772"	"participant"	"attitude"	1.08383009063899
"773"	"replication"	"host"	1.08186912061054
"774"	"host"	"replication"	1.08186912061054
"775"	"shortage"	"equipment"	1.0790583293059
"776"	"equipment"	"shortage"	1.0790583293059
"777"	"depression"	"disorder"	1.07641000209471
"778"	"disorder"	"depression"	1.07641000209471
"779"	"transcription"	"assay"	1.07638152388172
"780"	"assay"	"transcription"	1.07638152388172
"781"	"sensitivity"	"samples"	1.0760533071668
"782"	"samples"	"sensitivity"	1.0760533071668
"783"	"distribution"	"glass"	1.07448338455275
"784"	"glass"	"distribution"	1.07448338455275
"785"	"domain"	"protein"	1.07305731894722
"786"	"protein"	"domain"	1.07305731894722
"787"	"replication"	"rna"	1.07229726307459
"788"	"rna"	"replication"	1.07229726307459
"789"	"ii"	"receptor"	1.07145722283946
"790"	"receptor"	"ii"	1.07145722283946
"791"	"enzyme"	"spike"	1.06801345250265
"792"	"spike"	"enzyme"	1.06801345250265
"793"	"education"	"training"	1.06393894578998
"794"	"training"	"education"	1.06393894578998
"795"	"consolidation"	"feature"	1.06361697732496
"796"	"feature"	"consolidation"	1.06361697732496
"797"	"sensitivity"	"rt"	1.06320505376197
"798"	"rt"	"sensitivity"	1.06320505376197
"799"	"opacity"	"lung"	1.06052337244067
"800"	"lung"	"opacity"	1.06052337244067
"801"	"activation"	"inflammation"	1.05845010525022
"802"	"inflammation"	"activation"	1.05845010525022
"803"	"specimen"	"pcr"	1.0570739590755
"804"	"pcr"	"specimen"	1.0570739590755
"805"	"samples"	"rt"	1.05663107910788
"806"	"rt"	"samples"	1.05663107910788
"807"	"ground"	"fever"	1.05463017756066
"808"	"fever"	"ground"	1.05463017756066
"809"	"liver"	"injury"	1.05370799872328
"810"	"injury"	"liver"	1.05370799872328
"811"	"protease"	"receptor"	1.04936028143674
"812"	"receptor"	"protease"	1.04936028143674
"813"	"education"	"school"	1.04741420708596
"814"	"school"	"education"	1.04741420708596
"815"	"trial"	"remdesivir"	1.0470646461384
"816"	"remdesivir"	"trial"	1.0470646461384
"817"	"damage"	"tissue"	1.04491465314363
"818"	"tissue"	"damage"	1.04491465314363
"819"	"interval"	"meta"	1.03864776804634
"820"	"meta"	"interval"	1.03864776804634
"821"	"activation"	"pathway"	1.03719331699904
"822"	"pathway"	"activation"	1.03719331699904
"823"	"inhibitor"	"receptor"	1.03703857497707
"824"	"receptor"	"inhibitor"	1.03703857497707
"825"	"sign"	"ground"	1.03679276729032
"826"	"ground"	"sign"	1.03679276729032
"827"	"therapeutic"	"vaccine"	1.0357346010939
"828"	"vaccine"	"therapeutic"	1.0357346010939
"829"	"target"	"molecule"	1.03292785973689
"830"	"molecule"	"target"	1.03292785973689
"831"	"fusion"	"cell"	1.0328616340306
"832"	"cell"	"fusion"	1.0328616340306
"833"	"swab"	"polymerase"	1.03203541018607
"834"	"polymerase"	"swab"	1.03203541018607
"835"	"dyspnea"	"chest"	1.03104521727193
"836"	"chest"	"dyspnea"	1.03104521727193
"837"	"distribution"	"ground"	1.02991081696759
"838"	"ground"	"distribution"	1.02991081696759
"839"	"entry"	"cell"	1.02883147378592
"840"	"cell"	"entry"	1.02883147378592
"841"	"protease"	"protein"	1.02789120912979
"842"	"protein"	"protease"	1.02789120912979
"843"	"pain"	"chest"	1.02785633054447
"844"	"chest"	"pain"	1.02785633054447
"845"	"pcr"	"assay"	1.0265772011093
"846"	"assay"	"pcr"	1.0265772011093
"847"	"compound"	"drug"	1.02593854275022
"848"	"drug"	"compound"	1.02593854275022
"849"	"mask"	"equipment"	1.02580591440574
"850"	"equipment"	"mask"	1.02580591440574
"851"	"antibody"	"specificity"	1.02434296867393
"852"	"specificity"	"antibody"	1.02434296867393
"853"	"sensitivity"	"detection"	1.02281425833478
"854"	"detection"	"sensitivity"	1.02281425833478
"855"	"replication"	"entry"	1.02204164638621
"856"	"entry"	"replication"	1.02204164638621
"857"	"obesity"	"comorbidity"	1.02011875101024
"858"	"comorbidity"	"obesity"	1.02011875101024
"859"	"host"	"spike"	1.01814563098586
"860"	"spike"	"host"	1.01814563098586
"861"	"glass"	"lung"	1.01748770695777
"862"	"lung"	"glass"	1.01748770695777
"863"	"supply"	"chain"	1.01675575136699
"864"	"chain"	"supply"	1.01675575136699
"865"	"trials"	"efficacy"	1.01480534802629
"866"	"efficacy"	"trials"	1.01480534802629
"867"	"remdesivir"	"drug"	1.01245905824693
"868"	"drug"	"remdesivir"	1.01245905824693
"869"	"respondent"	"anxiety"	1.01245458714678
"870"	"anxiety"	"respondent"	1.01245458714678
"871"	"lymphopenia"	"fever"	1.01222417349987
"872"	"fever"	"lymphopenia"	1.01222417349987
"873"	"anxiety"	"disorder"	1.00775042124681
"874"	"disorder"	"anxiety"	1.00775042124681
"875"	"specificity"	"detection"	1.00581330255832
"876"	"detection"	"specificity"	1.00581330255832
"877"	"contact"	"droplet"	1.00309882323696
"878"	"droplet"	"contact"	1.00309882323696
"879"	"expression"	"cell"	1.00221114383668
"880"	"cell"	"expression"	1.00221114383668
"881"	"gt"	"lt"	1.00204806168499
"882"	"lt"	"gt"	1.00204806168499
"883"	"specificity"	"rt"	1.00199047823158
"884"	"rt"	"specificity"	1.00199047823158
"885"	"spike"	"sequence"	1.00041136236156
"886"	"sequence"	"spike"	1.00041136236156
