"PMID"	"YearPubmed"	"MonthPubmed"	"DayPubmed"	"Date"	"country"	"iso"	"chloroquine"	"hydroxychloroquine"	"remdesivir"	"ritonavir"	"lopinavir"	"favipiravir"	"treatment"	"vaccine"	"Title"	"Inst"	"lat"	"long"
"1"	32279309	2020	4	13	2020-04-13	"Spain"	"ES"	0	0	0	0	0	0	0	0	"The role of Mental Health Home Hospitalization Care during the COVID-19 pandemic."	"Universitat de Barcelona"	41.3868913	2.16352384576632
"2"	32244059	2020	4	4	2020-04-04	"Spain"	"ES"	0	0	0	0	0	0	0	0	"SARS-CoV-2, COVID-19 and inherited arrhythmia syndromes."	"Universitat de Barcelona"	41.3868913	2.16352384576632
"3"	32284182	2020	4	15	2020-04-15	"Spain"	"ES"	0	0	0	0	0	0	0	0	"Reflections arising from the COVID-19 pandemic."	"Universitat de Barcelona"	41.3868913	2.16352384576632
"4"	32289080	2020	4	15	2020-04-15	"Spain"	"ES"	0	0	0	0	0	0	0	0	"One world, one health: The novel coronavirus COVID-19 epidemic."	"Universitat de Barcelona"	41.3868913	2.16352384576632
"5"	32247325	2020	4	6	2020-04-06	"Spain"	"ES"	0	0	0	0	0	0	0	0	"Monitoring the COVID-19 epidemic in the context of widespread local transmission."	"Universitat de Barcelona"	41.3868913	2.16352384576632
"6"	32233040	2020	4	2	2020-04-02	"Spain"	"ES"	0	0	0	0	0	0	0	0	"Intranasal corticosteroids in allergic rhinitis in COVID-19 infected patients: An ARIA-EAACI statement."	"Universitat de Barcelona"	41.3868913	2.16352384576632
"7"	32246913	2020	4	5	2020-04-05	"Spain"	"ES"	0	0	0	0	0	0	0	0	"Handling the COVID-19 pandemic in the oncological setting."	"Universitat de Barcelona"	41.3868913	2.16352384576632
"8"	32251625	2020	4	7	2020-04-07	"Spain"	"ES"	0	0	0	0	0	0	0	0	"Do chronic respiratory diseases or their treatment affect the risk of SARS-CoV-2 infection?"	"Universitat de Barcelona"	41.3868913	2.16352384576632
"9"	32251539	2020	4	7	2020-04-07	"Spain"	"ES"	0	0	0	0	0	0	0	0	"COVID-19 and liver disease."	"Universitat de Barcelona"	41.3868913	2.16352384576632
"10"	32237159	2020	4	3	2020-04-03	"Portugal"	"PT"	0	0	0	0	0	0	0	0	"SARS-CoV-2 pandemics: The lack of critical reflection addressing short- and long-term challenges."	"Universidade Nova de Lisboa"	38.7302742	-9.1587414
"11"	32238235	2020	4	3	2020-04-03	"Portugal"	"PT"	0	0	0	0	0	0	0	0	"[From Tuberculosis to COVID-19: Legal and Constitutional Framework Regarding Compulsory Isolation/Treatment due to Contagious Diseases in Portugal]."	"Universidade Nova de Lisboa"	38.7302742	-9.1587414
"12"	32078048	2020	2	23	2020-02-23	"Brazil"	"BR"	0	0	0	0	0	0	0	0	"Coronavirus COVID-19 impacts to dentistry and potential salivary diagnosis."	"Universidade Federal do Uberlandia"	-18.9233861	-48.2707016
"13"	32281481	2020	4	14	2020-04-14	"Brazil"	"BR"	1	1	0	0	0	0	1	0	"Challenges and cares to promote rational use of chloroquine and hydroxychloroquine in the management of coronavirus disease 2019 (COVID-19) pandemic: a timely review."	"Universidade Federal do Uberlandia"	-18.9233861	-48.2707016
"14"	32269593	2020	4	10	2020-04-10	"Brazil"	"BR"	0	0	0	0	0	0	0	0	"No evidence supports the use of ether and chloroform inhalation for treating COVID-19."	"Universidade Federal do Sergipe"	-10.8998716	-37.1074636
"15"	32220202	2020	3	29	2020-03-29	"Brazil"	"BR"	0	0	0	0	0	0	0	0	"Clinical Characteristics of Covid-19 in China."	"Universidade Federal do Rio Grande do Sul"	-30.0339048	-51.2235792
"16"	32265310	2020	4	9	2020-04-09	"Brazil"	"BR"	0	0	0	0	0	0	0	0	"Current Status of Cell-Based Therapies for Respiratory Virus Infections: Applicability to COVID-19."	"Universidade Federal do Rio de Janeiro"	-22.8618524	-43.2258931
"17"	32267461	2020	4	9	2020-04-09	"Brazil"	"BR"	0	0	0	0	0	0	0	0	"Chest radiography and computed tomography findings from a Brazilian patient with COVID-19 pneumonia."	"Universidade Federal do Rio de Janeiro"	-22.8618524	-43.2258931
"18"	32286245	2020	4	15	2020-04-15	"Brazil"	"BR"	0	0	0	0	0	0	0	0	"Hematologic, biochemical and immune biomarker abnormalities associated with severe illness and mortality in coronavirus disease 2019 (COVID-19): a meta-analysis."	"Universidade Federal do Parana"	-25.4269032	-49.2639545
"19"	32282549	2020	4	14	2020-04-14	"Brazil"	"BR"	0	0	0	0	0	0	0	0	"Chronic liver disease is not associated with severity or mortality in Coronavirus disease 2019 (COVID-19): a pooled analysis."	"Universidade Federal do Parana"	-25.4269032	-49.2639545
"20"	32187257	2020	3	19	2020-03-19	"Brazil"	"BR"	0	0	0	0	0	0	0	0	"On the possibility of interrupting the coronavirus (COVID-19) epidemic based on the best available scientific evidence."	"Universidade Federal do Maranhao"	-2.5585537	-44.3132377
"21"	32236295	2020	4	3	2020-04-03	"Brazil"	"BR"	0	0	0	0	0	0	0	0	"The surgeons and the COVID-19 pandemic."	"Universidade Federal do Estado do Rio de Janeiro"	-22.9523912	-43.1812532
"22"	32268135	2020	4	9	2020-04-09	"Brazil"	"BR"	0	0	0	0	0	0	0	0	"Gastrointestinal endoscopy during COVID-19 pandemic: an updated review of guidelines and statements from international and national societies."	"Universidade Federal do Estado do Rio de Janeiro"	-22.9523912	-43.1812532
"23"	32199182	2020	3	22	2020-03-22	"Brazil"	"BR"	0	0	0	0	0	0	0	0	"The emotional impact of Coronavirus 2019-nCoV (new Coronavirus disease)."	"Universidade Federal do Cariri"	-7.2566399	-39.3070064
"24"	32233040	2020	4	2	2020-04-02	"Brazil"	"BR"	0	0	0	0	0	0	0	0	"Intranasal corticosteroids in allergic rhinitis in COVID-19 infected patients: An ARIA-EAACI statement."	"Universidade Federal do Bahia"	-14.294498	-43.9079117
"25"	32235486	2020	4	3	2020-04-03	"Brazil"	"BR"	0	0	0	0	0	0	0	0	"Novel Coronavirus Infection (COVID-19) in Humans: A Scoping Review and Meta-Analysis."	"Universidade Federal de Sao Paulo"	-23.594881	-46.649057
"26"	32278811	2020	4	13	2020-04-13	"Brazil"	"BR"	0	0	0	0	0	0	0	0	"Drug repositioning an alternative for the treatment of coronavirus COVID-19."	"Universidade Federal de Santa Maria"	-29.7215446	-53.7205594
"27"	32236295	2020	4	3	2020-04-03	"Brazil"	"BR"	0	0	0	0	0	0	0	0	"The surgeons and the COVID-19 pandemic."	"Universidade Federal de Minas Gerais"	-19.86824855	-43.9670829892348
"28"	32275073	2020	4	11	2020-04-11	"Brazil"	"BR"	0	0	0	0	0	0	0	0	"Response to Ribeiro da Silva et al.,&quot;Role of Nonstructural Proteins in the Pathogenesis of SARS-CoV-2."	"Universidade Federal de Minas Gerais"	-19.86824855	-43.9670829892348
"29"	32242948	2020	4	4	2020-04-04	"Brazil"	"BR"	0	0	0	0	0	0	0	0	"Response to Carletti et al., &quot;About the origin of the first two Sars-CoV-2 infections in Italy: inference not supported by appropriate sequence analysis.&quot;"	"Universidade Federal de Minas Gerais"	-19.86824855	-43.9670829892348
"30"	32235486	2020	4	3	2020-04-03	"Brazil"	"BR"	0	0	0	0	0	0	0	0	"Novel Coronavirus Infection (COVID-19) in Humans: A Scoping Review and Meta-Analysis."	"Universidade Federal de Minas Gerais"	-19.86824855	-43.9670829892348
"31"	32108862	2020	2	29	2020-02-29	"Brazil"	"BR"	0	0	0	0	0	0	0	1	"Genome Detective Coronavirus Typing Tool for rapid identification and characterization of novel coronavirus genomes."	"Universidade Federal de Minas Gerais"	-19.86824855	-43.9670829892348
"32"	32190908	2020	3	20	2020-03-20	"Brazil"	"BR"	0	0	0	0	0	0	0	0	"A doubt of multiple introduction of SARS-CoV-2 in Italy: a preliminary overview."	"Universidade Federal de Minas Gerais"	-19.86824855	-43.9670829892348
"33"	32249188	2020	4	7	2020-04-07	"Brazil"	"BR"	0	0	0	0	0	0	0	0	"Dental journals and coronavirus disease (COVID-19): A current view."	"Universidade Estudual do Montes Claros"	-16.7186936	-43.8807615
"34"	32249188	2020	4	7	2020-04-07	"Brazil"	"BR"	0	0	0	0	0	0	0	0	"Dental journals and coronavirus disease (COVID-19): A current view."	"Universidade Estadual do Montes Claros"	-16.7186936	-43.8807615
"35"	32291154	2020	4	16	2020-04-16	"Brazil"	"BR"	0	0	0	0	0	0	0	0	"Social media and telemedicine for oral diagnosis and counselling in the COVID-19 era."	"Universidade Estadual do Montes Claros"	-16.7186936	-43.8807615
"36"	32249188	2020	4	7	2020-04-07	"Brazil"	"BR"	0	0	0	0	0	0	0	0	"Dental journals and coronavirus disease (COVID-19): A current view."	"Universidade Estadual do Campinas"	-22.82275955	-47.0641447593658
"37"	32272957	2020	4	11	2020-04-11	"Brazil"	"BR"	0	0	0	0	0	0	0	0	"COVID-19 the showdown for mass casualty preparedness and management: the Cassandra Syndrome."	"Universidade Estadual do Campinas"	-22.82275955	-47.0641447593658
"38"	32267300	2020	4	9	2020-04-09	"Brazil"	"BR"	0	0	0	0	0	0	0	0	"Assessing the severity of COVID-19."	"Universidade Estadual do Campinas"	-22.82275955	-47.0641447593658
"39"	32233719	2020	4	3	2020-04-03	"Brazil"	"BR"	0	0	0	0	0	0	0	0	"The outbreak of COVID-19 coronavirus and its impact on global mental health."	"Universidade do Sao Paulo"	-23.5597692	-46.7220744
"40"	32251839	2020	4	7	2020-04-07	"Brazil"	"BR"	0	0	0	0	0	0	0	0	"Perspectives on Surgery in the time of COVID-19: Safety First."	"Universidade do Sao Paulo"	-23.5597692	-46.7220744
"41"	32241520	2020	4	4	2020-04-04	"Brazil"	"BR"	0	0	0	0	0	0	0	0	"International Guidelines on Radiation Therapy for Breast Cancer During the COVID-19 Pandemic."	"Universidade do Sao Paulo"	-23.5597692	-46.7220744
"42"	32236325	2020	4	3	2020-04-03	"Brazil"	"BR"	0	0	0	0	0	0	0	0	"COVID-19 and the Heart."	"Universidade do Sao Paulo"	-23.5597692	-46.7220744
"43"	32278756	2020	4	13	2020-04-13	"Brazil"	"BR"	0	0	0	0	0	0	0	0	"COVID-19 and dengue fever: A dangerous combination for the health system in Brazil."	"Universidade do Sao Paulo"	-23.5597692	-46.7220744
"44"	32250505	2020	4	7	2020-04-07	"Brazil"	"BR"	0	0	0	0	0	0	0	0	"Coronavirus Disease (COVID-19): Characteristics in children and considerations for Dentists providing their care."	"Universidade do Sao Paulo"	-23.5597692	-46.7220744
"45"	32294673	2020	4	16	2020-04-16	"Brazil"	"BR"	0	0	0	0	0	0	0	0	"How should health systems prepare for the evolving COVID-19 pandemic? Reflections from the perspective of a Tertiary Cancer Center."	"Universidade do Sao Paulo"	-23.5597692	-46.7220744
"46"	32294667	2020	4	16	2020-04-16	"Brazil"	"BR"	0	0	0	0	0	0	0	0	"Translating transmissibility measures into recommendations for coronavirus prevention."	"Universidade do Sao Paulo"	-23.5597692	-46.7220744
"47"	32294295	2020	4	16	2020-04-16	"Brazil"	"BR"	0	0	0	0	0	0	0	0	"Pathological evidence of pulmonary thrombotic phenomena in severe COVID-19."	"Universidade do Sao Paulo"	-23.5597692	-46.7220744
"48"	32291154	2020	4	16	2020-04-16	"Brazil"	"BR"	0	0	0	0	0	0	0	0	"Social media and telemedicine for oral diagnosis and counselling in the COVID-19 era."	"Universidade do Sao Paulo"	-23.5597692	-46.7220744
"49"	32281517	2020	4	14	2020-04-14	"Portugal"	"PT"	0	0	0	0	0	0	0	0	"The daily impact of COVID-19 in gastroenterology."	"Universidade do Porto"	41.1469068	-8.6158066
"50"	32023427	2020	2	6	2020-02-06	"Portugal"	"PT"	0	0	0	0	0	0	0	0	"The 2019 Novel Coronavirus (2019-nCoV): Novel Virus, Old Challenges."	"Universidade do Porto"	41.1469068	-8.6158066
"51"	32277351	2020	4	12	2020-04-12	"Portugal"	"PT"	0	0	0	0	0	0	0	0	"Managing Cutaneous Immune-Mediated Diseases During the COVID-19 Pandemic."	"Universidade do Porto"	41.1469068	-8.6158066
"52"	32233040	2020	4	2	2020-04-02	"Portugal"	"PT"	0	0	0	0	0	0	0	0	"Intranasal corticosteroids in allergic rhinitis in COVID-19 infected patients: An ARIA-EAACI statement."	"Universidade do Porto"	41.1469068	-8.6158066
"53"	32266937	2020	4	9	2020-04-09	"Portugal"	"PT"	0	0	0	0	0	0	0	0	"Inside the heart of COVID-19."	"Universidade do Porto"	41.1469068	-8.6158066
"54"	32227250	2020	4	1	2020-04-01	"Portugal"	"PT"	0	0	0	0	0	0	0	0	"ASPHER statement on the novel coronavirus disease (COVID-19) outbreak emergency."	"Universidade do Porto"	41.1469068	-8.6158066
"55"	32238235	2020	4	3	2020-04-03	"Portugal"	"PT"	0	0	0	0	0	0	0	0	"[From Tuberculosis to COVID-19: Legal and Constitutional Framework Regarding Compulsory Isolation/Treatment due to Contagious Diseases in Portugal]."	"Universidade do Porto"	41.1469068	-8.6158066
"56"	32246356	2020	4	5	2020-04-05	"Portugal"	"PT"	0	0	0	0	0	0	0	0	"The Impacts of Isolation Measures Against SARS-CoV-2 Infection on Sexual Health."	"Universidade do Lisboa"	38.6636057	-9.2071729
"57"	32248521	2020	4	6	2020-04-06	"Portugal"	"PT"	0	0	0	0	0	0	0	0	"Global interim guidance on coronavirus disease 2019 (COVID-19) during pregnancy and puerperium from FIGO and allied partners: Information for healthcare professionals."	"Universidade do Lisboa"	38.6636057	-9.2071729
"58"	32242891	2020	4	4	2020-04-04	"Portugal"	"PT"	0	0	0	0	0	0	0	0	"COVID-19 pandemic and cardiac imaging: EACVI recommendations on precautions, indications, prioritization, and protection for patients and healthcare personnel."	"Universidade do Lisboa"	38.6636057	-9.2071729
"59"	32044388	2020	2	12	2020-02-12	"Portugal"	"PT"	0	0	0	0	0	0	0	0	"Coronavirus 2019-nCoV: Is the genie already out of the bottle?"	"Universidade do Lisboa"	38.6636057	-9.2071729
"60"	32293558	2020	4	16	2020-04-16	"Portugal"	"PT"	0	0	0	0	0	0	0	0	"[The Impact of the COVID-19 Pandemic on Mental Health]."	"Universidade do Lisboa"	38.6636057	-9.2071729
"61"	32267301	2020	4	9	2020-04-09	"Brazil"	"BR"	1	0	0	0	0	0	1	0	"Driving forces for COVID-19 clinical trials using chloroquine: the need to choose the right research questions and outcomes."	"Universidade do Estado do Amazonas"	-8.794032	-67.4087534
"62"	32238235	2020	4	3	2020-04-03	"Portugal"	"PT"	0	0	0	0	0	0	0	0	"[From Tuberculosis to COVID-19: Legal and Constitutional Framework Regarding Compulsory Isolation/Treatment due to Contagious Diseases in Portugal]."	"Universidade Catolica Portuguesa"	41.5524611	-8.4642948
"63"	32204922	2020	3	25	2020-03-25	"Mexico"	"MX"	0	0	0	0	0	0	0	0	"COVID-19, a worldwide public health emergency."	"Universidad Veracruzana"	19.5180221	-96.9194364
"64"	32205270	2020	3	25	2020-03-25	"Colombia"	"CO"	0	0	0	0	0	0	0	0	"The holy week 2020 and the beginning of COVID-19 epidemics in Latin America."	"Universidad Tecnologica de Pereira"	4.78899845	-75.6907268308951
"65"	32112859	2020	3	1	2020-03-01	"Colombia"	"CO"	0	0	0	0	0	0	0	0	"The COVID-19 outbreak and implications for the Tokyo 2020 Summer Olympic Games."	"Universidad Tecnologica de Pereira"	4.78899845	-75.6907268308951
"66"	32277963	2020	4	12	2020-04-12	"Colombia"	"CO"	0	0	0	0	0	0	0	0	"Super-spreading events and contribution to transmission of MERS, SARS, and COVID-19."	"Universidad Tecnologica de Pereira"	4.78899845	-75.6907268308951
"67"	32184130	2020	3	19	2020-03-19	"Colombia"	"CO"	0	0	0	0	0	0	0	0	"Mapping the incidence of the COVID-19 hotspot in Iran - Implications for Travellers."	"Universidad Tecnologica de Pereira"	4.78899845	-75.6907268308951
"68"	32170953	2020	3	15	2020-03-15	"Colombia"	"CO"	0	0	0	0	0	0	0	0	"Limiting spread of COVID-19 from cruise ships - lessons to be learnt from Japan."	"Universidad Tecnologica de Pereira"	4.78899845	-75.6907268308951
"69"	32009128	2020	2	6	2020-02-06	"Colombia"	"CO"	0	0	0	0	0	0	0	0	"History is repeating itself: Probable zoonotic spillover as the cause of the 2019 novel Coronavirus Epidemic"	"Universidad Tecnologica de Pereira"	4.78899845	-75.6907268308951
"70"	32044389	2020	2	12	2020-02-12	"Colombia"	"CO"	0	0	0	0	0	0	0	0	"Going global - Travel and the 2019 novel coronavirus."	"Universidad Tecnologica de Pereira"	4.78899845	-75.6907268308951
"71"	32112857	2020	3	1	2020-03-01	"Colombia"	"CO"	0	0	0	0	0	0	0	0	"COVID-19: Zoonotic aspects."	"Universidad Tecnologica de Pereira"	4.78899845	-75.6907268308951
"72"	32126292	2020	3	4	2020-03-04	"Colombia"	"CO"	0	0	0	0	0	0	0	0	"COVID-19 in Latin America: The implications of the first confirmed case in Brazil."	"Universidad Tecnologica de Pereira"	4.78899845	-75.6907268308951
"73"	32165386	2020	3	14	2020-03-14	"Colombia"	"CO"	0	0	0	0	0	0	0	0	"Complete Genome Sequence of a 2019 Novel Coronavirus (SARS-CoV-2) Strain Isolated in Nepal."	"Universidad Tecnologica de Pereira"	4.78899845	-75.6907268308951
"74"	32179124	2020	3	18	2020-03-18	"Colombia"	"CO"	0	0	0	0	0	0	0	0	"Clinical, laboratory and imaging features of COVID-19: A systematic review and meta-analysis."	"Universidad Tecnologica de Pereira"	4.78899845	-75.6907268308951
"75"	32247926	2020	4	6	2020-04-06	"Colombia"	"CO"	0	0	0	0	0	0	0	0	"Clinical features of cases and a cluster of Coronavirus Disease 2019 (COVID-19) in Bolivia imported from Italy and Spain."	"Universidad Tecnologica de Pereira"	4.78899845	-75.6907268308951
"76"	32222420	2020	3	31	2020-03-31	"Colombia"	"CO"	0	0	0	0	0	0	0	0	"A pregnant woman with COVID-19 in Central America."	"Universidad Tecnologica de Pereira"	4.78899845	-75.6907268308951
"77"	32294667	2020	4	16	2020-04-16	"Colombia"	"CO"	0	0	0	0	0	0	0	0	"Translating transmissibility measures into recommendations for coronavirus prevention."	"Universidad Tecnologica de Pereira"	4.78899845	-75.6907268308951
"78"	32222420	2020	3	31	2020-03-31	"Honduras"	"HN"	0	0	0	0	0	0	0	0	"A pregnant woman with COVID-19 in Central America."	"Universidad Tecnologica Centroamericana"	14.0481423	-87.1762614
"79"	32213647	2020	3	28	2020-03-28	"Ecuador"	"EC"	0	0	0	0	0	0	0	0	"The effect of human mobility and control measures on the COVID-19 epidemic in China."	"Universidad San Francisco de Quito"	-0.1980023	-78.4380331
"80"	32210236	2020	3	27	2020-03-27	"Ecuador"	"EC"	0	0	0	0	0	0	0	0	"Epidemiological data from the COVID-19 outbreak, real-time case information."	"Universidad San Francisco de Quito"	-0.1980023	-78.4380331
"81"	32205271	2020	3	25	2020-03-25	"Peru"	"PE"	0	0	0	0	0	0	0	0	"COVID-19: Facemask use prevalence in international airports in Asia, Europe and the Americas, March 2020."	"Universidad Peruana Cayetano Heredia"	-12.0467134	-77.0300385
"82"	32184233	2020	3	19	2020-03-19	"Peru"	"PE"	0	0	0	0	0	0	0	0	"Covid-19 and community mitigation strategies in a pandemic."	"Universidad Peruana Cayetano Heredia"	-12.0467134	-77.0300385
"83"	32213760	2020	3	28	2020-03-28	"Argentina"	"AR"	0	0	0	0	0	0	0	0	"Facts and reflections on COVID-19 and anti-hypertensives drugs."	"Universidad Nacional de la Plata"	-34.9092256	-57.9482103
"84"	32233719	2020	4	3	2020-04-03	"Paraguay"	"PY"	0	0	0	0	0	0	0	0	"The outbreak of COVID-19 coronavirus and its impact on global mental health."	"Universidad Nacional de Asuncion"	-25.3357554	-57.5219285
"85"	32285862	2020	4	15	2020-04-15	"Mexico"	"MX"	0	0	0	0	0	0	0	0	"From the handling of an outbreak by an unknown pathogen in Wuhan to the preparedness and response in the face of the emergence of Covid-19 in Mexico."	"Universidad Nacional Autonoma de Mexico"	19.4379916	-99.1355288
"86"	32126292	2020	3	4	2020-03-04	"Honduras"	"HN"	0	0	0	0	0	0	0	0	"COVID-19 in Latin America: The implications of the first confirmed case in Brazil."	"Universidad Nacional Autonoma de Honduras"	14.0855295	-87.1649581685496
"87"	32165386	2020	3	14	2020-03-14	"Honduras"	"HN"	0	0	0	0	0	0	0	0	"Complete Genome Sequence of a 2019 Novel Coronavirus (SARS-CoV-2) Strain Isolated in Nepal."	"Universidad Nacional Autonoma de Honduras"	14.0855295	-87.1649581685496
"88"	32179124	2020	3	18	2020-03-18	"Honduras"	"HN"	0	0	0	0	0	0	0	0	"Clinical, laboratory and imaging features of COVID-19: A systematic review and meta-analysis."	"Universidad Nacional Autonoma de Honduras"	14.0855295	-87.1649581685496
"89"	32222420	2020	3	31	2020-03-31	"Honduras"	"HN"	0	0	0	0	0	0	0	0	"A pregnant woman with COVID-19 in Central America."	"Universidad Nacional Autonoma de Honduras"	14.0855295	-87.1649581685496
"90"	32278932	2020	4	13	2020-04-13	"Colombia"	"CO"	0	0	0	0	0	0	0	0	"COVID-19: Initial experience of an international group of hand surgeons."	"Universidad Militar Nueva Granada"	4.6831426	-74.0444759
"91"	32268196	2020	4	9	2020-04-09	"Ecuador"	"EC"	0	0	0	0	0	0	0	0	"COVID-19 and dengue, co-epidemics in Ecuador and other countries in Latin America: Pushing strained health care systems over the edge."	"Universidad Internacional SEK"	-0.0910183	-78.4862765
"92"	32179124	2020	3	18	2020-03-18	"Bolivia"	"BO"	0	0	0	0	0	0	0	0	"Clinical, laboratory and imaging features of COVID-19: A systematic review and meta-analysis."	"Universidad Franz Tamayo"	-16.5085611	-68.1662557906368
"93"	32247926	2020	4	6	2020-04-06	"Bolivia"	"BO"	0	0	0	0	0	0	0	0	"Clinical features of cases and a cluster of Coronavirus Disease 2019 (COVID-19) in Bolivia imported from Italy and Spain."	"Universidad Franz Tamayo"	-16.5085611	-68.1662557906368
"94"	32255438	2020	4	8	2020-04-08	"Chile"	"CL"	0	0	0	0	0	0	0	0	"Evidence synthesis relevant to COVID-19: a protocol for multiple systematic reviews and overviews of systematic reviews."	"Universidad de Valparaiso"	-33.0278257	-71.6541592
"95"	32257537	2020	4	8	2020-04-08	"Spain"	"ES"	0	0	0	0	0	0	0	0	"Transplantation of ACE2<sup>-</sup> Mesenchymal Stem Cells Improves the Outcome of Patients with COVID-19 Pneumonia."	"Universidad de Valencia"	39.47187235	-0.372939201109851
"96"	32270698	2020	4	10	2020-04-10	"Spain"	"ES"	0	0	0	0	0	0	0	0	"Physical inactivity and cardiovascular disease at the time of coronavirus disease 2019 (COVID-19)."	"Universidad de Valencia"	39.47187235	-0.372939201109851
"97"	32267243	2020	4	9	2020-04-09	"Spain"	"ES"	0	0	0	0	0	0	0	0	"Health risks and potential remedies during prolonged lockdowns for coronavirus disease 2019 (COVID-19)."	"Universidad de Valencia"	39.47187235	-0.372939201109851
"98"	32275075	2020	4	11	2020-04-11	"Spain"	"ES"	0	0	0	0	0	0	0	0	"Clinical and demographic characteristics of patients dying from COVID-19 in Italy versus China."	"Universidad de Valencia"	39.47187235	-0.372939201109851
"99"	32169400	2020	3	15	2020-03-15	"Spain"	"ES"	0	0	0	0	0	0	0	0	"Cardiac troponin I in patients with coronavirus disease 2019 (COVID-19): Evidence from a meta-analysis."	"Universidad de Valencia"	39.47187235	-0.372939201109851
"100"	32227250	2020	4	1	2020-04-01	"Spain"	"ES"	0	0	0	0	0	0	0	0	"ASPHER statement on the novel coronavirus disease (COVID-19) outbreak emergency."	"Universidad de Valencia"	39.47187235	-0.372939201109851
"101"	32294264	2020	4	16	2020-04-16	"Spain"	"ES"	0	0	0	0	0	0	0	0	"Cutaneous manifestations in COVID-19: a new contribution."	"Universidad de Valencia"	39.47187235	-0.372939201109851
"102"	32292817	2020	4	16	2020-04-16	"Spain"	"ES"	1	1	0	0	0	0	1	0	"Coalition: Advocacy for prospective clinical trials to test the post-exposure potential of hydroxychloroquine against COVID-19."	"Universidad de Valencia"	39.47187235	-0.372939201109851
"103"	32266375	2020	4	9	2020-04-09	"Spain"	"ES"	0	0	0	0	0	0	0	0	"Inquiring into Benefits of Independent Activation of Non-Classical Renin-Angiotensin System in the Clinical Prognosis and Reduction of COVID-19 mortality."	"Universidad de Sevilla"	37.3913307	-5.9826843
"104"	32289115	2020	4	15	2020-04-15	"Spain"	"ES"	0	0	0	0	0	0	0	0	"Care of patients with liver disease during the COVID-19 pandemic: EASL-ESCMID position paper."	"Universidad de Sevilla"	37.3913307	-5.9826843
"105"	32275090	2020	4	11	2020-04-11	"Puerto Rico"	"PR"	0	0	0	0	0	0	0	0	"Weathering the pandemic: How the Caribbean Basin can use viral and environmental patterns to predict, prepare and respond to COVID-19."	"Universidad de Puerto Rico"	18.3964734	-66.0767201
"106"	32289549	2020	4	15	2020-04-15	"Brazil"	"BR"	0	0	0	0	0	0	0	0	"What are the factors influencing the COVID-19 outbreak in Latin America?"	"Universidade Federal do Pernambuco"	-8.3995333	-39.2365606
"107"	32270581	2020	4	10	2020-04-10	"Spain"	"ES"	0	0	0	0	0	0	0	0	"COVID-19 pandemic: effects and evidence-based recommendations for otolaryngology and head and neck surgery practice."	"Universidad de Oviedo"	43.3616804	-5.8651393
"108"	32278616	2020	4	13	2020-04-13	"Spain"	"ES"	0	0	0	0	0	0	0	0	"Recommendations on management of the SARS-CoV-2 coronavirus pandemic (Covid-19) in kidney transplant patients."	"Universidad de Malaga"	36.7199538	-4.4183278
"109"	32265310	2020	4	9	2020-04-09	"Chile"	"CL"	0	0	0	0	0	0	0	0	"Current Status of Cell-Based Therapies for Respiratory Virus Infections: Applicability to COVID-19."	"Universidad de los Andes"	-33.4042964	-70.5085969
"110"	32199083	2020	3	22	2020-03-22	"Spain"	"ES"	0	0	0	0	0	0	0	0	"The resilience of the Spanish health system against the COVID-19 pandemic."	"Universidad de Lleida"	41.6146828	0.6188887
"111"	32294518	2020	4	16	2020-04-16	"Uruguay"	"UY"	0	0	0	0	0	0	0	0	"A COMPREHENSIVE ANALYSIS OF GENOME COMPOSITION AND CODON USAGE PATTERNS OF EMERGING CORONAVIRUSES."	"Universidad de la Republica"	-34.9010589	-56.1755269
"112"	32197116	2020	3	21	2020-03-21	"Spain"	"ES"	0	0	0	0	0	0	0	0	"Prisons and custodial settings are part of a comprehensive response to COVID-19."	"Universidad de Granada"	37.1773441	-3.6053994
"113"	32289791	2020	4	15	2020-04-15	"Spain"	"ES"	0	0	0	0	0	0	0	0	"A Rational Use of Clozapine Based on Adverse Drug Reactions, Pharmacokinetics, and Clinical Pharmacopsychology."	"Universidad de Granada"	37.1773441	-3.6053994
"114"	32167166	2020	3	14	2020-03-14	"Mexico"	"MX"	0	0	0	0	0	0	0	0	"An exclusive 42 amino acid signature in pp1ab protein provides insights into the evolutive history of the 2019 novel human-pathogenic coronavirus (SARS-CoV2)."	"Universidad de Colima"	19.2489671	-103.7009917
"115"	32220590	2020	3	30	2020-03-30	"Spain"	"ES"	0	0	0	0	0	0	0	0	"Physical exercise as therapy to fight against the mental and physical consequences of COVID-19 quarantine: Special focus in older people."	"Universidad de Cadiz"	36.5376188	-6.3026846
"116"	32288357	2020	4	15	2020-04-15	"Argentina"	"AR"	0	0	0	0	0	0	0	0	"Modeling and forecasting of epidemic spreading: The case of Covid-19 and beyond."	"Universidad de Buenos Aires"	-34.6076378	-58.4007649
"117"	32278860	2020	4	13	2020-04-13	"Argentina"	"AR"	0	0	0	0	0	0	0	0	"Immunosuppression during the COVID-19 pandemic in neuromyelitis optica spectrum disorders patients: A new challenge."	"Universidad de Buenos Aires"	-34.6076378	-58.4007649
"118"	32224133	2020	4	1	2020-04-01	"Colombia"	"CO"	0	0	0	0	0	0	0	0	"How to link patients with suspicious COVID-19 to health system from the community pharmacies? A route proposal."	"Universidad de Antioquia"	6.2678539	-75.5690221
"119"	32270581	2020	4	10	2020-04-10	"Colombia"	"CO"	0	0	0	0	0	0	0	0	"COVID-19 pandemic: effects and evidence-based recommendations for otolaryngology and head and neck surgery practice."	"Universidad de Antioquia"	6.2678539	-75.5690221
"120"	32265115	2020	4	9	2020-04-09	"Colombia"	"CO"	0	0	0	0	0	0	0	0	"COVID-19 in Colombia endpoints. Are we different, like Europe?"	"Universidad de Antioquia"	6.2678539	-75.5690221
"121"	32009128	2020	2	6	2020-02-06	"Peru"	"PE"	0	0	0	0	0	0	0	0	"History is repeating itself: Probable zoonotic spillover as the cause of the 2019 novel Coronavirus Epidemic"	"Universidad Cientifica del Sur"	-12.2197506	-76.978448882353
"122"	32275255	2020	4	11	2020-04-11	"Peru"	"PE"	0	0	0	0	0	0	0	0	"Genomic Epidemiology and its importance in the study of the COVID-19 pandemic."	"Universidad Cientifica del Sur"	-12.2197506	-76.978448882353
"123"	32126292	2020	3	4	2020-03-04	"Peru"	"PE"	0	0	0	0	0	0	0	0	"COVID-19 in Latin America: The implications of the first confirmed case in Brazil."	"Universidad Cientifica del Sur"	-12.2197506	-76.978448882353
"124"	32179124	2020	3	18	2020-03-18	"Peru"	"PE"	0	0	0	0	0	0	0	0	"Clinical, laboratory and imaging features of COVID-19: A systematic review and meta-analysis."	"Universidad Cientifica del Sur"	-12.2197506	-76.978448882353
"125"	32227189	2020	4	1	2020-04-01	"Peru"	"PE"	1	0	0	0	0	0	1	0	"A Rush to Judgment? Rapid Reporting and Dissemination of Results and Its Consequences Regarding the Use of Hydroxychloroquine for COVID-19."	"Universidad Cientifica del Sur"	-12.2197506	-76.978448882353
"126"	32268196	2020	4	9	2020-04-09	"Colombia"	"CO"	0	0	0	0	0	0	0	0	"COVID-19 and dengue, co-epidemics in Ecuador and other countries in Latin America: Pushing strained health care systems over the edge."	"Universidad Central del Ecuador"	-0.2006809	-78.5045751
"127"	32268196	2020	4	9	2020-04-09	"Ecuador"	"EC"	0	0	0	0	0	0	0	0	"COVID-19 and dengue, co-epidemics in Ecuador and other countries in Latin America: Pushing strained health care systems over the edge."	"Universidad Central del Ecuador"	-0.2006809	-78.5045751
"128"	32126292	2020	3	4	2020-03-04	"Venezuela"	"VE"	0	0	0	0	0	0	0	0	"COVID-19 in Latin America: The implications of the first confirmed case in Brazil."	"Universidad Central de Venezuela"	10.49013605	-66.8915282567193
"129"	32225133	2020	4	1	2020-04-01	"Chile"	"CL"	0	0	0	0	0	0	0	0	"Number of COVID-19 cases in Chile at 120 days with data at 21/03/2020 and threshold of daily effort to flatten the epi-curve."	"Universidad Catolica del Maule"	-35.4354174	-71.6221885
"130"	32216872	2020	3	29	2020-03-29	"Chile"	"CL"	0	0	0	0	0	0	0	0	"Mitigating the impact of conference and travel cancellations on researchers' futures."	"Universidad Bernardo O'Higgins"	-33.4671858	-70.6594713
"131"	32250170	2020	4	7	2020-04-07	"Mexico"	"MX"	0	0	0	0	0	0	0	0	"Will plant-made biopharmaceuticals play a role in the fight against COVID-19?"	"Universidad Autonoma de San Luis Potosi"	22.1527285	-100.9801939
"132"	32282922	2020	4	14	2020-04-14	"Mexico"	"MX"	0	0	0	0	0	0	0	0	"Use of self-administered surveys through QR code and same center telemedicine in a walk-in clinic in the era of COVID-19."	"Universidad Autonoma de Nuevo Leon"	25.72743955	-100.312102762132
"133"	32205336	2020	3	25	2020-03-25	"Mexico"	"MX"	0	0	0	0	0	0	0	0	"Are my patients with rheumatic diseases at higher risk of COVID-19?"	"Universidad Autonoma de Nuevo Leon"	25.72743955	-100.312102762132
"134"	32279224	2020	4	13	2020-04-13	"Spain"	"ES"	0	0	0	0	0	0	0	0	"COVID-19 and endocrine diseases. A statement from the European Society of Endocrinology."	"Universidad Autonoma de Madrid"	40.5467024	-3.6965506
"135"	32126292	2020	3	4	2020-03-04	"Chile"	"CL"	0	0	0	0	0	0	0	0	"COVID-19 in Latin America: The implications of the first confirmed case in Brazil."	"Universidad Austral de Chile"	-39.8061598	-73.2538478
"136"	32278932	2020	4	13	2020-04-13	"Argentina"	"AR"	0	0	0	0	0	0	0	0	"COVID-19: Initial experience of an international group of hand surgeons."	"Universidad Austral"	-34.4557286	-58.861263717
"137"	32278932	2020	4	13	2020-04-13	"Chile"	"CL"	0	0	0	0	0	0	0	0	"COVID-19: Initial experience of an international group of hand surgeons."	"Universidad Andres Bello"	-33.3753055	-70.5084506
"138"	32250960	2020	4	7	2020-04-07	"Mexico"	"MX"	0	0	0	0	0	0	0	0	"COVID- 19 misinformation on the internet: The other epidemy."	"Universidad Anahuac Puebla"	19.0206093	-98.2657715
"139"	32255438	2020	4	8	2020-04-08	"Chile"	"CL"	0	0	0	0	0	0	0	0	"Evidence synthesis relevant to COVID-19: a protocol for multiple systematic reviews and overviews of systematic reviews."	"Pontificia Universidad Catolica de Chile"	-33.4417702	-70.6403049621662
"140"	32061311	2020	2	18	2020-02-18	"Chile"	"CL"	0	0	0	0	0	0	0	0	"Do not violate the International Health Regulations during the COVID-19 outbreak."	"Pontificia Universidad Catolica de Chile"	-33.4417702	-70.6403049621662
"141"	32126292	2020	3	4	2020-03-04	"Bolivia"	"BO"	0	0	0	0	0	0	0	0	"COVID-19 in Latin America: The implications of the first confirmed case in Brazil."	"Ministerio de Salud de Bolivia"	-16.5042566	-68.1316105
"142"	32247926	2020	4	6	2020-04-06	"Bolivia"	"BO"	0	0	0	0	0	0	0	0	"Clinical features of cases and a cluster of Coronavirus Disease 2019 (COVID-19) in Bolivia imported from Italy and Spain."	"Ministerio de Salud de Bolivia"	-16.5042566	-68.1316105
"143"	32211799	2020	3	27	2020-03-27	"Brazil"	"BR"	0	0	0	0	0	0	0	0	"Routes for COVID-19 importation in Brazil."	"Ministerio da Saude"	-15.8002311	-47.8705698
"144"	32108862	2020	2	29	2020-02-29	"Brazil"	"BR"	0	0	0	0	0	0	0	1	"Genome Detective Coronavirus Typing Tool for rapid identification and characterization of novel coronavirus genomes."	"Ministerio da Saude"	-15.8002311	-47.8705698
"145"	32237159	2020	4	3	2020-04-03	"Portugal"	"PT"	0	0	0	0	0	0	0	0	"SARS-CoV-2 pandemics: The lack of critical reflection addressing short- and long-term challenges."	"Instituto Universitario de Lisboa"	38.7488087	-9.1568475
"146"	32242950	2020	4	4	2020-04-04	"Mexico"	"MX"	0	0	0	0	0	0	0	0	"Neutrophil-to-Lymphocyte ratio and Lymphocyte-to-C-reactive protein ratio in patients with severe coronavirus disease 2019 (COVID-19): A meta-analysis."	"Instituto Politecnico Nacional"	19.5014046	-99.1433947
"147"	32272522	2020	4	11	2020-04-11	"Mexico"	"MX"	0	0	0	0	0	0	0	0	"[Rapid review of the use of community-wide surgical masks and acute respiratory infections]."	"Instituto Nacional de Salud Publica"	18.9775519	-99.2462215
"148"	32237554	2020	4	3	2020-04-03	"Mexico"	"MX"	0	0	0	0	0	0	0	0	"[Emerging infections, the great challenge of global health: Covid-19]."	"Instituto Nacional de Salud Publica"	18.9775519	-99.2462215
"149"	32237566	2020	4	3	2020-04-03	"Mexico"	"MX"	0	0	0	0	0	0	0	0	"[Covid-19: the new pathology caused by a coronavirus]."	"Instituto Nacional de Salud Publica"	18.9775519	-99.2462215
"150"	32226003	2020	4	1	2020-04-01	"Mexico"	"MX"	0	0	0	0	0	0	0	0	"COVID-19: The outbreak caused by a new coronavirus."	"Instituto Nacional de Pediatria"	19.326655	-99.2155218
"151"	32205399	2020	3	25	2020-03-25	"Mexico"	"MX"	0	0	0	0	0	0	0	0	"WHO must prioritise the needs of older people in its response to the covid-19 pandemic."	"Instituto Nacional de Geriatria"	19.326655	-99.2155218
"152"	32197103	2020	3	21	2020-03-21	"Argentina"	"AR"	0	0	0	0	0	0	0	0	"COVID-19: towards controlling of a pandemic."	"Instituto Nacional de Enfermedades Virales Humanas (INEVH) Julio Maiztegui"	-33.9114475	-60.5898304
"153"	32277475	2020	4	12	2020-04-12	"Mexico"	"MX"	0	0	0	0	0	0	0	0	"Staying in A Burning House: Perks and Perils of A Hotline in The Times of COVID-19."	"Instituto Nacional de Ciencias Medicas y Nutricion Salvador Zubiran"	19.2891586	-99.1575864
"154"	32216248	2020	3	28	2020-03-28	"Mexico"	"MX"	0	0	0	0	0	0	0	0	"[Prevention and control of SARS-CoV-2 (Covid-19) coronavirus infection in hemodialysis units]."	"Instituto Nacional de Ciencias Medicas y Nutricion Salvador Zubiran"	19.2891586	-99.1575864
"155"	32222995	2020	3	31	2020-03-31	"Chile"	"CL"	0	0	0	0	0	0	0	0	"Phylogenetic analysis of the first four SARS-CoV-2 cases in Chile."	"Instituto de Salud Publica de Chile"	-33.4373455	-70.5992438
"156"	32246913	2020	4	5	2020-04-05	"Spain"	"ES"	0	0	0	0	0	0	0	0	"Handling the COVID-19 pandemic in the oncological setting."	"Instituto de Salud Carlos III"	40.4754809999999	-3.68999499999999
"157"	32156327	2020	3	12	2020-03-12	"Spain"	"ES"	0	0	0	0	0	0	0	0	"First cases of coronavirus disease 2019 (COVID-19) in the WHO European Region, 24 January to 21 February 2020."	"Instituto de Salud Carlos III"	40.4754809999999	-3.68999499999999
"158"	32250468	2020	4	7	2020-04-07	"Argentina"	"AR"	0	0	0	0	0	0	0	0	"Editorial: MOVEMENT DISORDERS IN THE WORLD OF COVID-19."	"Instituto de Investigaciones Neurologicas Dr. Raul Carrea - Fleni"	-34.5550316	-58.4529458
"159"	32216872	2020	3	29	2020-03-29	"Argentina"	"AR"	0	0	0	0	0	0	0	0	"Mitigating the impact of conference and travel cancellations on researchers' futures."	"Instituto de Investigacion en Biomedicina - Max Planck"	-34.581793	-58.4306159
"160"	32145214	2020	3	8	2020-03-08	"Spain"	"ES"	0	0	0	0	0	0	0	0	"Lymphopenic community acquired pneumonia as signature of severe COVID-19 infection."	"Instituto de Investigacion Biomedica de Salamanca"	40.9641599	-5.6754565
"161"	32235086	2020	4	3	2020-04-03	"Spain"	"ES"	0	0	0	0	0	0	0	0	"As COVID-19 cases, deaths and fatality rates surge in Italy, underlying causes require investigation."	"Instituto de Investigacion Biomedica de Salamanca"	40.9641599	-5.6754565
"162"	32126292	2020	3	4	2020-03-04	"Panama"	"PA"	0	0	0	0	0	0	0	0	"COVID-19 in Latin America: The implications of the first confirmed case in Brazil."	"Instituto Conmemorativo Gorgas de Estudios de la Salud"	8.9704524	-79.5361197
"163"	32272083	2020	4	10	2020-04-10	"Costa Rica"	"CR"	0	0	0	0	0	0	0	0	"Love in the time of COVID-19: negligence in the Nicaraguan response."	"INCAE Business School"	10.0027811	-84.2816026
"164"	32252978	2020	4	8	2020-04-08	"Spain"	"ES"	0	0	0	0	0	0	0	0	"Suspected acute abdomen as an extrapulmonary manifestation of Covid-19 infection."	"Hospital Vall d'Hebron"	41.4267719	2.14020432898055
"165"	32252979	2020	4	8	2020-04-08	"Spain"	"ES"	0	0	0	0	0	0	0	0	"Surgical Management of Patients With COVID-19 Infection. Recommendations of the Spanish Association of Surgeons."	"Hospital Vall d'Hebron"	41.4267719	2.14020432898055
"166"	32220930	2020	3	30	2020-03-30	"Spain"	"ES"	0	0	0	0	0	0	0	0	"Sound Science before Quick Judgement Regarding RAS Blockade in COVID-19."	"Hospital Vall d'Hebron"	41.4267719	2.14020432898055
"167"	32278670	2020	4	13	2020-04-13	"Spain"	"ES"	0	0	0	0	0	0	0	0	"SARS-Cov-2 in Spanish Intensive Care: Early Experience with 15-day Survival In Vitoria."	"Hospital Vall d'Hebron"	41.4267719	2.14020432898055
"168"	32233034	2020	4	2	2020-04-02	"Spain"	"ES"	0	0	0	0	0	0	0	0	"Overview of guidance for endoscopy during the coronavirus disease 2019 (COVID-19) pandemic."	"Hospital Vall d'Hebron"	41.4267719	2.14020432898055
"169"	32205796	2020	3	25	2020-03-25	"Spain"	"ES"	0	0	0	0	0	0	0	0	"How COVID-19 Outbreak Is Impacting Colorectal Cancer Patients in Italy: A Long Shadow Beyond Infection."	"Hospital Vall d'Hebron"	41.4267719	2.14020432898055
"170"	32191340	2020	3	20	2020-03-20	"Spain"	"ES"	0	0	0	0	0	0	0	0	"COVID-19 pandemic: perspectives on an unfolding crisis."	"Hospital Vall d'Hebron"	41.4267719	2.14020432898055
"171"	32233064	2020	4	2	2020-04-02	"Spain"	"ES"	0	0	0	0	0	0	0	0	"Coronavirus pandemic and Colorectal surgery: practical advice based on the Italian experience."	"Hospital Vall d'Hebron"	41.4267719	2.14020432898055
"172"	32291449	2020	4	16	2020-04-16	"Spain"	"ES"	0	0	0	0	0	0	0	0	"ADAM17 inhibition may exert a protective effect on COVID-19."	"Hospital Vall d'Hebron"	41.4267719	2.14020432898055
"173"	32251729	2020	4	7	2020-04-07	"Spain"	"ES"	0	0	0	0	0	0	0	0	"The GReek study in the Effects of Colchicine in COvid-19 complications prevention (GRECCO-19 study): rationale and study design."	"Hospital Universitario y Politecnico La Fe"	39.4435141	-0.3784002
"174"	32267485	2020	4	9	2020-04-09	"Spain"	"ES"	0	0	0	0	0	0	0	0	"Screening and Severity of Coronavirus Disease 2019 (COVID-19) in Children in Madrid, Spain."	"Hospital Universitario Ramon y Cajal"	40.487358	-3.69385265050837
"175"	32283233	2020	4	14	2020-04-14	"Spain"	"ES"	0	0	0	0	0	0	0	0	"Reply to &quot;COVID-19 can present with a rash and be mistaken for Dengue&quot;: Petechial rash in a patient with COVID-19 infection."	"Hospital Universitario Ramon y Cajal"	40.487358	-3.69385265050837
"176"	32294262	2020	4	16	2020-04-16	"Spain"	"ES"	0	0	0	0	0	0	0	0	"Comment on: Cutaneous manifestations in COVID-19: a first perspective. Safety concerns of clinical images and skin biopsies."	"Hospital Universitario Ramon y Cajal"	40.487358	-3.69385265050837
"177"	32278616	2020	4	13	2020-04-13	"Spain"	"ES"	0	0	0	0	0	0	0	0	"Recommendations on management of the SARS-CoV-2 coronavirus pandemic (Covid-19) in kidney transplant patients."	"Hospital Universitario Politecnico La Fe"	39.4435141	-0.3784002
"178"	32282234	2020	4	14	2020-04-14	"Colombia"	"CO"	0	0	0	0	0	0	0	0	"Cancer Center Recommendations to Mitigate COVID-19 Impact in Patients With Cancer: Low-Resource Settings Version."	"Hospital Universitario La Samaritana"	4.587452	-74.0859026
"179"	32252979	2020	4	8	2020-04-08	"Spain"	"ES"	0	0	0	0	0	0	0	0	"Surgical Management of Patients With COVID-19 Infection. Recommendations of the Spanish Association of Surgeons."	"Hospital Universitario La Paz, Madrid"	40.48144225	-3.68725318704749
"180"	32267485	2020	4	9	2020-04-09	"Spain"	"ES"	0	0	0	0	0	0	0	0	"Screening and Severity of Coronavirus Disease 2019 (COVID-19) in Children in Madrid, Spain."	"Hospital Universitario La Paz, Madrid"	40.48144225	-3.68725318704749
"181"	32278616	2020	4	13	2020-04-13	"Spain"	"ES"	0	0	0	0	0	0	0	0	"Recommendations on management of the SARS-CoV-2 coronavirus pandemic (Covid-19) in kidney transplant patients."	"Hospital Universitario La Paz, Madrid"	40.48144225	-3.68725318704749
"182"	32223490	2020	4	1	2020-04-01	"Spain"	"ES"	0	0	0	0	0	0	0	0	"Preparing an obstetric unit in the heart of the epidemic strike of COVID-19: quick reorganization tips."	"Hospital Universitario La Paz, Madrid"	40.48144225	-3.68725318704749
"183"	32197787	2020	3	22	2020-03-22	"Spain"	"ES"	0	0	0	0	0	0	0	0	"Practical recommendations for the perioperative management of the patient with suspection or serious infection by coronavirus SARS-CoV."	"Hospital Universitario La Paz, Madrid"	40.48144225	-3.68725318704749
"184"	32275812	2020	4	11	2020-04-11	"Spain"	"ES"	0	0	1	0	0	0	1	0	"Compassionate Use of Remdesivir for Patients with Severe Covid-19."	"Hospital Universitario La Paz, Madrid"	40.48144225	-3.68725318704749
"185"	32173188	2020	3	17	2020-03-17	"Spain"	"ES"	0	0	0	0	0	0	0	0	"[Recommendations on the clinical management of the COVID-19 infection by the «new coronavirus» SARS-CoV2. Spanish Paediatric Association working group]."	"Hospital Universitario La Paz, Madrid"	40.48144225	-3.68725318704749
"186"	32252979	2020	4	8	2020-04-08	"Spain"	"ES"	0	0	0	0	0	0	0	0	"Surgical Management of Patients With COVID-19 Infection. Recommendations of the Spanish Association of Surgeons."	"Hospital Universitario Gregorio Maranon"	40.4339894	-3.6680666
"187"	32267485	2020	4	9	2020-04-09	"Spain"	"ES"	0	0	0	0	0	0	0	0	"Screening and Severity of Coronavirus Disease 2019 (COVID-19) in Children in Madrid, Spain."	"Hospital Universitario Gregorio Maranon"	40.4339894	-3.6680666
"188"	32235161	2020	4	3	2020-04-03	"Spain"	"ES"	0	0	0	0	0	0	0	0	"COVID-19 and Paediatric Inflammatory Bowel Diseases: Global Experience and Provisional Guidance (March 2020) from the Paediatric IBD Porto group of ESPGHAN."	"Hospital Universitario Gregorio Maranon"	40.4339894	-3.6680666
"189"	32173188	2020	3	17	2020-03-17	"Spain"	"ES"	0	0	0	0	0	0	0	0	"[Recommendations on the clinical management of the COVID-19 infection by the «new coronavirus» SARS-CoV2. Spanish Paediatric Association working group]."	"Hospital Universitario Gregorio Maranon"	40.4339894	-3.6680666
"190"	32241653	2020	4	4	2020-04-04	"Spain"	"ES"	0	0	0	0	0	0	0	0	"[Epidemiological update on SARS-CoV-2 infection in Spain. Comments on the management of infection in pediatrics]."	"Hospital Universitario Gregorio Maranon"	40.4339894	-3.6680666
"191"	32292226	2020	4	16	2020-04-16	"Spain"	"ES"	0	0	0	0	0	0	0	0	"[Coronavirus: the geriatric emergency of 2020. Joint document of the Geriatric Cardiology Section of the Spanish Society of Cardiology and the Spanish Society of Geriatrics and Gerontology]."	"Hospital Universitario Gregorio Maranon"	40.4339894	-3.6680666
"192"	32252979	2020	4	8	2020-04-08	"Spain"	"ES"	0	0	0	0	0	0	0	0	"Surgical Management of Patients With COVID-19 Infection. Recommendations of the Spanish Association of Surgeons."	"Hospital Universitario de La Princesa"	40.4340157	-3.67575310945409
"193"	32197787	2020	3	22	2020-03-22	"Spain"	"ES"	0	0	0	0	0	0	0	0	"Practical recommendations for the perioperative management of the patient with suspection or serious infection by coronavirus SARS-CoV."	"Hospital Universitario de La Princesa"	40.4340157	-3.67575310945409
"194"	32252979	2020	4	8	2020-04-08	"Spain"	"ES"	0	0	0	0	0	0	0	0	"Surgical Management of Patients With COVID-19 Infection. Recommendations of the Spanish Association of Surgeons."	"Hospital Universitario de Getafe, Madrid"	40.31262275	-3.74264443215338
"195"	32241653	2020	4	4	2020-04-04	"Spain"	"ES"	0	0	0	0	0	0	0	0	"[Epidemiological update on SARS-CoV-2 infection in Spain. Comments on the management of infection in pediatrics]."	"Hospital Universitario de Getafe, Madrid"	40.31262275	-3.74264443215338
"196"	32278616	2020	4	13	2020-04-13	"Spain"	"ES"	0	0	0	0	0	0	0	0	"Recommendations on management of the SARS-CoV-2 coronavirus pandemic (Covid-19) in kidney transplant patients."	"Hospital Universitario de Cruces Baracaldo, Espana"	43.404050237077	-2.80850021263504
"197"	32173188	2020	3	17	2020-03-17	"Spain"	"ES"	0	0	0	0	0	0	0	0	"[Recommendations on the clinical management of the COVID-19 infection by the «new coronavirus» SARS-CoV2. Spanish Paediatric Association working group]."	"Hospital Universitario de Cruces Baracaldo, Espana"	43.404050237077	-2.80850021263504
"198"	32199083	2020	3	22	2020-03-22	"Spain"	"ES"	0	0	0	0	0	0	0	0	"The resilience of the Spanish health system against the COVID-19 pandemic."	"Hospital Universitario Cruces"	43.2824977	-2.98431169940688
"199"	32197787	2020	3	22	2020-03-22	"Spain"	"ES"	0	0	0	0	0	0	0	0	"Practical recommendations for the perioperative management of the patient with suspection or serious infection by coronavirus SARS-CoV."	"Hospital Universitario Cruces"	43.2824977	-2.98431169940688
"200"	32267485	2020	4	9	2020-04-09	"Spain"	"ES"	0	0	0	0	0	0	0	0	"Screening and Severity of Coronavirus Disease 2019 (COVID-19) in Children in Madrid, Spain."	"Hospital Universitario 12 de Octubre"	40.3766795	-3.69886332684134
"201"	32284182	2020	4	15	2020-04-15	"Spain"	"ES"	0	0	0	0	0	0	0	0	"Reflections arising from the COVID-19 pandemic."	"Hospital Universitario 12 de Octubre"	40.3766795	-3.69886332684134
"202"	32202064	2020	3	24	2020-03-24	"Spain"	"ES"	0	0	0	0	0	0	0	0	"COVID-19: A Global Transplant Perspective on Successfully Navigating a Pandemic."	"Hospital Universitario 12 de Octubre"	40.3766795	-3.69886332684134
"203"	32245738	2020	4	5	2020-04-05	"Spain"	"ES"	0	0	0	0	0	0	0	0	"[First case of neonatal infection due to SARS-CoV-2 in Spain]."	"Hospital Universitario 12 de Octubre"	40.3766795	-3.69886332684134
"204"	32241653	2020	4	4	2020-04-04	"Spain"	"ES"	0	0	0	0	0	0	0	0	"[Epidemiological update on SARS-CoV-2 infection in Spain. Comments on the management of infection in pediatrics]."	"Hospital Universitario 12 de Octubre"	40.3766795	-3.69886332684134
"205"	32199468	2020	3	23	2020-03-23	"Spain"	"ES"	0	0	0	0	0	0	0	0	"Use of antiviral drugs to reduce COVID-19 transmission."	"Hospital Universitari Germans Trias i Pujol"	41.4810542	2.2381723732976
"206"	32278616	2020	4	13	2020-04-13	"Spain"	"ES"	0	0	0	0	0	0	0	0	"Recommendations on management of the SARS-CoV-2 coronavirus pandemic (Covid-19) in kidney transplant patients."	"Hospital Universitari Germans Trias i Pujol"	41.4810542	2.2381723732976
"207"	32279224	2020	4	13	2020-04-13	"Spain"	"ES"	0	0	0	0	0	0	0	0	"COVID-19 and endocrine diseases. A statement from the European Society of Endocrinology."	"Hospital Universitari Germans Trias i Pujol"	41.4810542	2.2381723732976
"208"	32152082	2020	3	11	2020-03-11	"Spain"	"ES"	0	0	1	1	1	0	1	0	"Compounds with therapeutic potential against novel respiratory 2019 coronavirus."	"Hospital Universitari Germans Trias i Pujol"	41.4810542	2.2381723732976
"209"	32173188	2020	3	17	2020-03-17	"Spain"	"ES"	0	0	0	0	0	0	0	0	"[Recommendations on the clinical management of the COVID-19 infection by the «new coronavirus» SARS-CoV2. Spanish Paediatric Association working group]."	"Hospital Universitari Germans Trias i Pujol"	41.4810542	2.2381723732976
"210"	32235161	2020	4	3	2020-04-03	"Spain"	"ES"	0	0	0	0	0	0	0	0	"COVID-19 and Paediatric Inflammatory Bowel Diseases: Global Experience and Provisional Guidance (March 2020) from the Paediatric IBD Porto group of ESPGHAN."	"Hospital Sant Joan de Deu"	41.3842264	2.0995415
"211"	32173188	2020	3	17	2020-03-17	"Spain"	"ES"	0	0	0	0	0	0	0	0	"[Recommendations on the clinical management of the COVID-19 infection by the «new coronavirus» SARS-CoV2. Spanish Paediatric Association working group]."	"Hospital Sant Joan de Deu"	41.3842264	2.0995415
"212"	32145829	2020	3	9	2020-03-09	"Mexico"	"MX"	0	0	0	0	0	0	0	0	"Respiratory support for patients with COVID-19 infection."	"Hospital Medica Sur"	19.2972687	-99.1613691
"213"	32233040	2020	4	2	2020-04-02	"Mexico"	"MX"	0	0	0	0	0	0	0	0	"Intranasal corticosteroids in allergic rhinitis in COVID-19 infected patients: An ARIA-EAACI statement."	"Hospital Medica Sur"	19.2972687	-99.1613691
"214"	32223988	2020	4	1	2020-04-01	"Mexico"	"MX"	0	0	0	0	0	0	0	0	"ECMO for ARDS due to COVID-19."	"Hospital Medica Sur"	19.2972687	-99.1613691
"215"	32278616	2020	4	13	2020-04-13	"Spain"	"ES"	0	0	0	0	0	0	0	0	"Recommendations on management of the SARS-CoV-2 coronavirus pandemic (Covid-19) in kidney transplant patients."	"Hospital Marques de Valdecilla"	43.4564035	-3.826459
"216"	32243317	2020	4	4	2020-04-04	"Spain"	"ES"	0	0	0	0	0	0	0	0	"European Society For Emergency Medicine position paper on emergency medical systems response to COVID-19."	"Hospital Marques de Valdecilla"	43.4564035	-3.826459
"217"	32243239	2020	4	4	2020-04-04	"Brazil"	"BR"	0	0	0	0	0	0	0	0	"Regarding &quot;Artificial Intelligence Distinguishes COVID-19 from Community Acquired Pneumonia on Chest CT&quot;."	"Hospital Israelita Albert Einstein, Sao Paulo"	-23.5999557	-46.7174434
"218"	32271512	2020	4	10	2020-04-10	"Brazil"	"BR"	0	0	0	0	0	0	0	0	"Impact of the COVID-19 Pandemic on the Urologist's clinical practice in Brazil: a management guideline proposal for low- and middle-income countries during the crisis period."	"Hospital Israelita Albert Einstein, Sao Paulo"	-23.5999557	-46.7174434
"219"	32294718	2020	4	16	2020-04-16	"Brazil"	"BR"	0	0	0	0	0	0	0	0	"Presentation of pulmonary infection on CT in COVID-19: initial experience in Brazil."	"Hospital Israelita Albert Einstein, Sao Paulo"	-23.5999557	-46.7174434
"220"	32294704	2020	4	16	2020-04-16	"Brazil"	"BR"	0	0	0	0	0	0	0	0	"Structured thoracic computed tomography report for COVID-19 pandemic."	"Hospital Israelita Albert Einstein, Sao Paulo"	-23.5999557	-46.7174434
"221"	32241653	2020	4	4	2020-04-04	"Spain"	"ES"	0	0	0	0	0	0	0	0	"[Epidemiological update on SARS-CoV-2 infection in Spain. Comments on the management of infection in pediatrics]."	"Hospital Infantil Universitario Nino Jesus"	40.414431	-3.6783074
"222"	32223003	2020	3	31	2020-03-31	"Spain"	"ES"	0	0	0	0	0	0	0	0	"European Task Force on Atopic Dermatitis (ETFAD) statement on severe acute respiratory syndrome coronavirus 2 (SARS-Cov-2)-infection and atopic dermatitis."	"Hospital Infantil Universitario Nino Jesus"	40.414431	-3.6783074
"223"	32006657	2020	2	2	2020-02-02	"Argentina"	"AR"	0	0	0	0	0	0	0	0	"The next big threat to global health? 2019 novel coronavirus (2019-nCoV): What advice can we give to travellers? - Interim recommendations January 2020, from the Latin-American society for Travel Medicine (SLAMVI)."	"Hospital General de Agudos P. Pinero"	-34.6447427	-58.4565318
"224"	32126292	2020	3	4	2020-03-04	"Uruguay"	"UY"	0	0	0	0	0	0	0	0	"COVID-19 in Latin America: The implications of the first confirmed case in Brazil."	"Hospital Evangelico de Montevideo"	-34.8826831	-56.2052498
"225"	32278616	2020	4	13	2020-04-13	"Spain"	"ES"	0	0	0	0	0	0	0	0	"Recommendations on management of the SARS-CoV-2 coronavirus pandemic (Covid-19) in kidney transplant patients."	"Hospital del Mar"	41.383587	2.19402510679321
"226"	32197787	2020	3	22	2020-03-22	"Spain"	"ES"	0	0	0	0	0	0	0	0	"Practical recommendations for the perioperative management of the patient with suspection or serious infection by coronavirus SARS-CoV."	"Hospital del Mar"	41.383587	2.19402510679321
"227"	32291449	2020	4	16	2020-04-16	"Spain"	"ES"	0	0	0	0	0	0	0	0	"ADAM17 inhibition may exert a protective effect on COVID-19."	"Hospital del Mar"	41.383587	2.19402510679321
"228"	32277351	2020	4	12	2020-04-12	"Spain"	"ES"	0	0	0	0	0	0	0	0	"Managing Cutaneous Immune-Mediated Diseases During the COVID-19 Pandemic."	"Hospital de La Santa Creu I Sant Pau"	41.4137037	2.1721253
"229"	32247193	2020	4	5	2020-04-05	"Spain"	"ES"	0	0	0	0	0	0	0	0	"Guidance for the management of myasthenia gravis (MG) and Lambert-Eaton myasthenic syndrome (LEMS) during the COVID-19 pandemic."	"Hospital de La Santa Creu I Sant Pau"	41.4137037	2.1721253
"230"	32282026	2020	4	14	2020-04-14	"Spain"	"ES"	0	0	0	0	0	0	0	0	"Call to action for the cardiovascular side of COVID-19."	"Hospital de La Santa Creu I Sant Pau"	41.4137037	2.1721253
"231"	32292228	2020	4	16	2020-04-16	"Spain"	"ES"	0	0	0	0	0	0	0	0	"[Fulminant myocarditis due to COVID-19]."	"Hospital de La Santa Creu I Sant Pau"	41.4137037	2.1721253
"232"	32217507	2020	3	29	2020-03-29	"Spain"	"ES"	0	0	0	0	0	0	0	0	"Assessment of health information about the prevention of COVID-19 on the Internet."	"Hospital Clinico Universitario Lozano Blesa"	41.639457	-0.906231
"233"	32252979	2020	4	8	2020-04-08	"Spain"	"ES"	0	0	0	0	0	0	0	0	"Surgical Management of Patients With COVID-19 Infection. Recommendations of the Spanish Association of Surgeons."	"Hospital Clinico San Carlos"	40.4407045	-3.7219482
"234"	32173188	2020	3	17	2020-03-17	"Spain"	"ES"	0	0	0	0	0	0	0	0	"[Recommendations on the clinical management of the COVID-19 infection by the «new coronavirus» SARS-CoV2. Spanish Paediatric Association working group]."	"Hospital Clinico San Carlos"	40.4407045	-3.7219482
"235"	32241653	2020	4	4	2020-04-04	"Spain"	"ES"	0	0	0	0	0	0	0	0	"[Epidemiological update on SARS-CoV-2 infection in Spain. Comments on the management of infection in pediatrics]."	"Hospital Clinico San Carlos"	40.4407045	-3.7219482
"236"	32279309	2020	4	13	2020-04-13	"Spain"	"ES"	0	0	0	0	0	0	0	0	"The role of Mental Health Home Hospitalization Care during the COVID-19 pandemic."	"Hospital Clinic de Barcelona"	41.39088	2.153197
"237"	32252979	2020	4	8	2020-04-08	"Spain"	"ES"	0	0	0	0	0	0	0	0	"Surgical Management of Patients With COVID-19 Infection. Recommendations of the Spanish Association of Surgeons."	"Hospital Clinic de Barcelona"	41.39088	2.153197
"238"	32284182	2020	4	15	2020-04-15	"Spain"	"ES"	0	0	0	0	0	0	0	0	"Reflections arising from the COVID-19 pandemic."	"Hospital Clinic de Barcelona"	41.39088	2.153197
"239"	32278616	2020	4	13	2020-04-13	"Spain"	"ES"	0	0	0	0	0	0	0	0	"Recommendations on management of the SARS-CoV-2 coronavirus pandemic (Covid-19) in kidney transplant patients."	"Hospital Clinic de Barcelona"	41.39088	2.153197
"240"	32093921	2020	2	26	2020-02-26	"Spain"	"ES"	0	0	0	0	0	0	0	0	"One world, one health: The novel coronavirus COVID-19 epidemic."	"Hospital Clinic de Barcelona"	41.39088	2.153197
"241"	32240625	2020	4	3	2020-04-03	"Spain"	"ES"	0	0	0	0	0	0	0	0	"Dementia care during COVID-19."	"Hospital Clinic de Barcelona"	41.39088	2.153197
"242"	32224711	2020	4	1	2020-04-01	"Spain"	"ES"	0	0	0	0	0	0	0	0	"COVID-19: one threat, one world, one response (magical thinking)."	"Hospital Clinic de Barcelona"	41.39088	2.153197
"243"	32198834	2020	3	22	2020-03-22	"Spain"	"ES"	0	0	0	0	0	0	0	0	"Case report of COVID-19 in a kidney transplant recipient: Does immunosuppression alter the clinical presentation?"	"Hospital Clinic de Barcelona"	41.39088	2.153197
"244"	32278360	2020	4	13	2020-04-13	"Spain"	"ES"	0	0	0	0	0	0	0	0	"A Spanish-translated clinical algorithm for management of suspected SARS-CoV-2 infection in pregnant women."	"Hospital Clinic de Barcelona"	41.39088	2.153197
"245"	32272957	2020	4	11	2020-04-11	"Mexico"	"MX"	0	0	0	0	0	0	0	0	"COVID-19 the showdown for mass casualty preparedness and management: the Cassandra Syndrome."	"Hospital Angeles Lomas"	19.3946111	-99.2842099
"246"	32278860	2020	4	13	2020-04-13	"Argentina"	"AR"	0	0	0	0	0	0	0	0	"Immunosuppression during the COVID-19 pandemic in neuromyelitis optica spectrum disorders patients: A new challenge."	"Hospital Aleman"	-34.59183995	-58.4019836117259
"247"	32255438	2020	4	8	2020-04-08	"Argentina"	"AR"	0	0	0	0	0	0	0	0	"Evidence synthesis relevant to COVID-19: a protocol for multiple systematic reviews and overviews of systematic reviews."	"Hospital Aleman"	-34.59183995	-58.4019836117259
"248"	32275259	2020	4	11	2020-04-11	"Colombia"	"CO"	0	0	0	0	0	0	0	0	"Exploring the genetics, ecology of SARS-CoV-2 and climatic factors as possible control strategies against COVID-19."	"Fundacion Universitaria Autonoma de las Americas"	6.2292609	-75.6227558
"249"	32112857	2020	3	1	2020-03-01	"Colombia"	"CO"	0	0	0	0	0	0	0	0	"COVID-19: Zoonotic aspects."	"Fundacion Universitaria Autonoma de las Americas"	6.2292609	-75.6227558
"250"	32165386	2020	3	14	2020-03-14	"Colombia"	"CO"	0	0	0	0	0	0	0	0	"Complete Genome Sequence of a 2019 Novel Coronavirus (SARS-CoV-2) Strain Isolated in Nepal."	"Fundacion Universitaria Autonoma de las Americas"	6.2292609	-75.6227558
"251"	32247926	2020	4	6	2020-04-06	"Colombia"	"CO"	0	0	0	0	0	0	0	0	"Clinical features of cases and a cluster of Coronavirus Disease 2019 (COVID-19) in Bolivia imported from Italy and Spain."	"Fundacion Universitaria Autonoma de las Americas"	6.2292609	-75.6227558
"252"	32275255	2020	4	11	2020-04-11	"Peru"	"PE"	0	0	0	0	0	0	0	0	"Genomic Epidemiology and its importance in the study of the COVID-19 pandemic."	"Fundacion Universitaria Autonoma de las Americas"	6.2292609	-75.6227558
"253"	32251143	2020	4	7	2020-04-07	"Spain"	"ES"	0	0	0	0	0	0	0	0	"Mesenchymal Stem Cell Therapy Can Transcend Perianal Crohn's Disease: How Colorectal Surgeons Can Help in the COVID-19 Crisis."	"Fundacion Jimenez Diaz."	40.43883655	-3.71928016765223
"254"	32241653	2020	4	4	2020-04-04	"Spain"	"ES"	0	0	0	0	0	0	0	0	"[Epidemiological update on SARS-CoV-2 infection in Spain. Comments on the management of infection in pediatrics]."	"Fundacion Jimenez Diaz."	40.43883655	-3.71928016765223
"255"	32006657	2020	2	2	2020-02-02	"Argentina"	"AR"	0	0	0	0	0	0	0	0	"The next big threat to global health? 2019 novel coronavirus (2019-nCoV): What advice can we give to travellers? - Interim recommendations January 2020, from the Latin-American society for Travel Medicine (SLAMVI)."	"Fundacion Centro de Estudios Infectologicos"	-34.5868282	-58.4080769
"256"	32187288	2020	3	19	2020-03-19	"Brazil"	"BR"	0	0	0	0	0	0	0	0	"The novel coronavirus (SARS-CoV-2) emergency and the role of timely and effective national health surveillance."	"Fundacao Oswaldo Cruz, Rio de Janeiro"	-22.875704	-43.242977
"257"	32048560	2020	2	13	2020-02-13	"Brazil"	"BR"	0	0	0	0	0	0	0	0	"The global spread of 2019-nCoV: a molecular evolutionary analysis."	"Fundacao Oswaldo Cruz, Rio de Janeiro"	-22.875704	-43.242977
"258"	32022275	2020	2	6	2020-02-06	"Brazil"	"BR"	0	0	0	0	0	0	0	0	"The first two cases of 2019-nCoV in Italy: Where they come from?"	"Fundacao Oswaldo Cruz, Rio de Janeiro"	-22.875704	-43.242977
"259"	32154505	2020	3	11	2020-03-11	"Brazil"	"BR"	0	0	0	0	0	0	0	0	"The coronavirus 2019-nCoV epidemic: Is hindsight 20/20?"	"Fundacao Oswaldo Cruz, Rio de Janeiro"	-22.875704	-43.242977
"260"	31994738	2020	1	30	2020-01-30	"Brazil"	"BR"	0	0	0	0	0	0	0	0	"The 2019-new coronavirus epidemic: Evidence for virus evolution."	"Fundacao Oswaldo Cruz, Rio de Janeiro"	-22.875704	-43.242977
"261"	32211799	2020	3	27	2020-03-27	"Brazil"	"BR"	0	0	0	0	0	0	0	0	"Routes for COVID-19 importation in Brazil."	"Fundacao Oswaldo Cruz, Rio de Janeiro"	-22.875704	-43.242977
"262"	32270884	2020	4	10	2020-04-10	"Brazil"	"BR"	0	0	0	0	0	0	0	0	"Role of Nonstructural Proteins in the Pathogenesis of SARS-CoV-2."	"Fundacao Oswaldo Cruz, Rio de Janeiro"	-22.875704	-43.242977
"263"	32275073	2020	4	11	2020-04-11	"Brazil"	"BR"	0	0	0	0	0	0	0	0	"Response to Ribeiro da Silva et al.,&quot;Role of Nonstructural Proteins in the Pathogenesis of SARS-CoV-2."	"Fundacao Oswaldo Cruz, Rio de Janeiro"	-22.875704	-43.242977
"264"	32242948	2020	4	4	2020-04-04	"Brazil"	"BR"	0	0	0	0	0	0	0	0	"Response to Carletti et al., &quot;About the origin of the first two Sars-CoV-2 infections in Italy: inference not supported by appropriate sequence analysis.&quot;"	"Fundacao Oswaldo Cruz, Rio de Janeiro"	-22.875704	-43.242977
"265"	32108862	2020	2	29	2020-02-29	"Brazil"	"BR"	0	0	0	0	0	0	0	1	"Genome Detective Coronavirus Typing Tool for rapid identification and characterization of novel coronavirus genomes."	"Fundacao Oswaldo Cruz, Rio de Janeiro"	-22.875704	-43.242977
"266"	32268135	2020	4	9	2020-04-09	"Brazil"	"BR"	0	0	0	0	0	0	0	0	"Gastrointestinal endoscopy during COVID-19 pandemic: an updated review of guidelines and statements from international and national societies."	"Fundacao Oswaldo Cruz, Rio de Janeiro"	-22.875704	-43.242977
"267"	32267383	2020	4	9	2020-04-09	"Brazil"	"BR"	0	0	0	0	0	0	0	0	"Food (in)security in Brazil in the context of the SARS-CoV-2 pandemic."	"Fundacao Oswaldo Cruz, Rio de Janeiro"	-22.875704	-43.242977
"268"	32283146	2020	4	14	2020-04-14	"Brazil"	"BR"	0	0	0	0	0	0	0	0	"Evolutionary analysis of SARS-CoV-2: how mutation of Non-Structural Protein 6 (NSP6) could affect viral autophagy."	"Fundacao Oswaldo Cruz, Rio de Janeiro"	-22.875704	-43.242977
"269"	32267301	2020	4	9	2020-04-09	"Brazil"	"BR"	1	0	0	0	0	0	1	0	"Driving forces for COVID-19 clinical trials using chloroquine: the need to choose the right research questions and outcomes."	"Fundacao Oswaldo Cruz, Rio de Janeiro"	-22.875704	-43.242977
"270"	32083328	2020	2	23	2020-02-23	"Brazil"	"BR"	0	0	0	0	0	0	0	1	"COVID-2019: The role of the nsp2 and nsp3 in its pathogenesis."	"Fundacao Oswaldo Cruz, Rio de Janeiro"	-22.875704	-43.242977
"271"	32259829	2020	4	8	2020-04-08	"Brazil"	"BR"	0	0	0	0	0	0	0	1	"COVID-19 Outbreak: An Overview."	"Fundacao Oswaldo Cruz, Rio de Janeiro"	-22.875704	-43.242977
"272"	32190908	2020	3	20	2020-03-20	"Brazil"	"BR"	0	0	0	0	0	0	0	0	"A doubt of multiple introduction of SARS-CoV-2 in Italy: a preliminary overview."	"Fundacao Oswaldo Cruz, Rio de Janeiro"	-22.875704	-43.242977
"273"	32292817	2020	4	16	2020-04-16	"Brazil"	"BR"	1	1	0	0	0	0	1	0	"Coalition: Advocacy for prospective clinical trials to test the post-exposure potential of hydroxychloroquine against COVID-19."	"Fundacao Oswaldo Cruz, Rio de Janeiro"	-22.875704	-43.242977
"274"	32233719	2020	4	3	2020-04-03	"Brazil"	"BR"	0	0	0	0	0	0	0	0	"The outbreak of COVID-19 coronavirus and its impact on global mental health."	"Fundacao do ABC"	-23.5633755	-46.5594618
"275"	32199182	2020	3	22	2020-03-22	"Brazil"	"BR"	0	0	0	0	0	0	0	0	"The emotional impact of Coronavirus 2019-nCoV (new Coronavirus disease)."	"Fundacao do ABC"	-23.5633755	-46.5594618
"276"	32236998	2020	4	3	2020-04-03	"Brazil"	"BR"	0	0	0	0	0	0	0	0	"Solidarity and Transparency against the COVID-19 Pandemic."	"Faculdade do Medicina do Jundiai"	-23.2004009	-46.8794849
"277"	32222027	2020	3	30	2020-03-30	"Brazil"	"BR"	0	0	0	0	0	0	0	0	"COVID-19 in the Pediatric Population."	"Faculdade do Medicina do Jundiai"	-23.2004009	-46.8794849
"278"	32233040	2020	4	2	2020-04-02	"Argentina"	"AR"	0	0	0	0	0	0	0	0	"Intranasal corticosteroids in allergic rhinitis in COVID-19 infected patients: An ARIA-EAACI statement."	"Clinica y Maternidad Santa Isabel"	-34.6317494	-58.4558968
"279"	32221023	2020	3	30	2020-03-30	"Spain"	"ES"	0	0	0	0	0	0	0	0	"COVID-19 Global Pandemic: Options for Management of Gynecologic Cancers."	"Clinica Universidad de Navarra"	42.8054119	-1.6656277
"280"	32246356	2020	4	5	2020-04-05	"Portugal"	"PT"	0	0	0	0	0	0	0	0	"The Impacts of Isolation Measures Against SARS-CoV-2 Infection on Sexual Health."	"Centro Hospitalar Universitario Lisboa Norte, Hospital Santa Maria"	38.7488087	-9.1568475
"281"	32281517	2020	4	14	2020-04-14	"Portugal"	"PT"	0	0	0	0	0	0	0	0	"The daily impact of COVID-19 in gastroenterology."	"Centro Hospitalar Universitario do Porto, Hospital Sao Joao"	41.1812645	-8.6037872
"282"	32023427	2020	2	6	2020-02-06	"Portugal"	"PT"	0	0	0	0	0	0	0	0	"The 2019 Novel Coronavirus (2019-nCoV): Novel Virus, Old Challenges."	"Centro Hospitalar Universitario do Porto, Hospital Sao Joao"	41.1812645	-8.6037872
"283"	32282412	2020	4	14	2020-04-14	"Portugal"	"PT"	0	0	0	0	0	0	0	0	"Preparing to Perform Trauma and Orthopaedic Surgery on Patients with COVID-19."	"Centro Hospitalar Universitario do Porto, Hospital Sao Joao"	41.1812645	-8.6037872
"284"	32235161	2020	4	3	2020-04-03	"Portugal"	"PT"	0	0	0	0	0	0	0	0	"COVID-19 and Paediatric Inflammatory Bowel Diseases: Global Experience and Provisional Guidance (March 2020) from the Paediatric IBD Porto group of ESPGHAN."	"Centro Hospitalar Universitario do Porto, Hospital Sao Joao"	41.1812645	-8.6037872
"285"	32145214	2020	3	8	2020-03-08	"Spain"	"ES"	0	0	0	0	0	0	0	0	"Lymphopenic community acquired pneumonia as signature of severe COVID-19 infection."	"Centro de Investigacion Biomedica en Red de Enfermedades Respiratorias (CIBERES)"	40.4756781	-3.6916937
"286"	32142972	2020	3	7	2020-03-07	"Spain"	"ES"	0	0	0	0	0	0	0	0	"Coronavirus Disease 2019 (COVID-19): A critical care perspective beyond China."	"Centro de Investigacion Biomedica en Red de Enfermedades Respiratorias (CIBERES)"	40.4756781	-3.6916937
"287"	32250960	2020	4	7	2020-04-07	"Mexico"	"MX"	0	0	0	0	0	0	0	0	"COVID- 19 misinformation on the internet: The other epidemy."	"Benemerita Universidad Autonoma de Puebla"	19.0420934	-98.1973028
"288"	32271512	2020	4	10	2020-04-10	"Brazil"	"BR"	0	0	0	0	0	0	0	0	"Impact of the COVID-19 Pandemic on the Urologist's clinical practice in Brazil: a management guideline proposal for low- and middle-income countries during the crisis period."	"Beneficiencia Portuguesa de Sao Paulo"	-22.9040963	-47.069022
"289"	32278932	2020	4	13	2020-04-13	"Brazil"	"BR"	0	0	0	0	0	0	0	0	"COVID-19: Initial experience of an international group of hand surgeons."	"Beneficiencia Portuguesa de Sao Paulo"	-22.9040963	-47.069022
"290"	32267461	2020	4	9	2020-04-09	"Brazil"	"BR"	0	0	0	0	0	0	0	0	"Chest radiography and computed tomography findings from a Brazilian patient with COVID-19 pneumonia."	"Beneficiencia Portuguesa de Sao Paulo"	-22.9040963	-47.069022
"291"	32270581	2020	4	10	2020-04-10	"Brazil"	"BR"	0	0	0	0	0	0	0	0	"COVID-19 pandemic: effects and evidence-based recommendations for otolaryngology and head and neck surgery practice."	"Universidade do Sao Paulo"	-23.5597692	-46.7220744
"292"	32299010	2020	4	17	2020-04-17	"Colombia"	"CO"	0	0	0	0	0	0	0	0	"Neurotropism of SARS-CoV 2: Mechanisms and manifestations."	"Universidad de Cartagena"	10.4040134	-75.5096273
"293"	32298782	2020	4	17	2020-04-17	"Spain"	"ES"	0	0	0	0	0	0	0	0	"Anosmia in a healthcare worker with COVID-19 in Madrid, Spain."	"Hospital Clinico San Carlos"	40.4407045	-3.7219482
"294"	32298782	2020	4	17	2020-04-17	"Colombia"	"CO"	0	0	0	0	0	0	0	0	"Anosmia in a healthcare worker with COVID-19 in Madrid, Spain."	"Universidad Tecnologica de Pereira"	4.78899845	-75.6907268308951
"295"	32298782	2020	4	17	2020-04-17	"Colombia"	"CO"	0	0	0	0	0	0	0	0	"Anosmia in a healthcare worker with COVID-19 in Madrid, Spain."	"Fundacion Universitaria Autonoma de las Americas"	6.2292609	-75.6227558
"296"	32298645	2020	4	17	2020-04-17	"Brazil"	"BR"	0	0	0	0	0	0	0	0	"Neonatal COVID-19: little evidence and the need for more information."	"Universidade Federal do Rio Grande do Sul"	-30.0339048	-51.2235792
"297"	32298480	2020	4	17	2020-04-17	"Spain"	"ES"	0	0	0	0	0	0	0	0	"Management of Infantile Hemangiomas during the COVID Pandemic."	"Hospital Sant Joan de Deu"	41.3842264	2.0995415
"298"	32297995	2020	4	17	2020-04-17	"Mexico"	"MX"	0	0	0	0	0	0	0	0	"High IL-6/IFN-<U+03B3> ratio could be associated with severe disease in COVID-19 patients."	"Instituto Politecnico Nacional"	19.5014046	-99.1433947
"299"	32297591	2020	4	17	2020-04-17	"Portugal"	"PT"	0	0	0	0	0	0	0	0	"[COVID-19 and the Invisible Damage]."	"Centro Hospitalar Universitario do Porto, Hospital Sao Joao"	41.1812645	-8.6037872
"300"	32297520	2020	4	17	2020-04-17	"Brazil"	"BR"	0	0	0	0	0	0	0	0	"Can spironolactone be used to prevent COVID-19-induced acute respiratory distress syndrome in patients with hypertension?"	"Universidade Federal de Sao Paulo"	-23.594881	-46.649057
"301"	32297408	2020	4	17	2020-04-17	"Brazil"	"BR"	0	0	0	0	0	0	0	0	"EMPLOYING DERMATOLOGISTS ON THE FRONTLINE AGAINST COVID-19: ALL HANDS ON DECK."	"Faculdade do Medicina do Jundiai"	-23.2004009	-46.8794849
"302"	32296469	2020	4	17	2020-04-17	"Brazil"	"BR"	0	0	0	0	0	0	0	0	"High Risk of COVID-19 Infection for Head and Neck Surgeons."	"Universidade do Sao Paulo"	-23.5597692	-46.7220744
"303"	32296468	2020	4	17	2020-04-17	"Brazil"	"BR"	0	0	0	0	0	0	0	0	"Otorhinolaryngologists and Coronavirus Disease 2019 (COVID-19)."	"Universidade Federal do Rio Grande do Sul"	-30.0339048	-51.2235792
"304"	32296468	2020	4	17	2020-04-17	"Brazil"	"BR"	0	0	0	0	0	0	0	0	"Otorhinolaryngologists and Coronavirus Disease 2019 (COVID-19)."	"Universidade do Sao Paulo"	-23.5597692	-46.7220744
"305"	32296257	2020	4	17	2020-04-17	"Spain"	"ES"	0	0	0	0	0	0	0	0	"[Exercising in times of COVID-19: what do experts recommend doing within four walls?]"	"Universidad de Oviedo"	43.3616804	-5.8651393
"306"	32296257	2020	4	17	2020-04-17	"Spain"	"ES"	0	0	0	0	0	0	0	0	"[Exercising in times of COVID-19: what do experts recommend doing within four walls?]"	"Universidad de Leon"	42.6129315	-5.559091
"307"	32296246	2020	4	17	2020-04-17	"Spain"	"ES"	0	0	0	0	0	0	0	0	"[Whether to make decisions &quot;on the fly&quot; regarding treatment for SARS-CoV-2 infection]."	"Universidad de Alicante"	38.3852488	-0.5165048
"308"	32296246	2020	4	17	2020-04-17	"Spain"	"ES"	0	0	0	0	0	0	0	0	"[Whether to make decisions &quot;on the fly&quot; regarding treatment for SARS-CoV-2 infection]."	"Hospital Universitario y Politecnico La Fe"	39.4435141	-0.3784002
"309"	32295814	2020	4	17	2020-04-17	"Venezuela"	"VE"	1	1	0	0	0	0	1	0	"Hydroxychloroquine and covid-19."	"Universidad Central de Venezuela"	10.49013605	-66.8915282567193
"310"	32295788	2020	4	17	2020-04-17	"Brazil"	"BR"	1	1	0	0	0	0	1	0	"Does hydroxychloroquine prevent the transmission of covid-19?"	"Universidade Federal do Pernambuco"	-8.3995333	-39.2365606
"311"	32295153	2020	4	17	2020-04-17	"Mexico"	"MX"	0	0	0	0	0	0	0	1	"What Does Plant-Based Vaccine Technology Offer to the Fight against COVID-19?"	"Universidad Autonoma de San Luis Potosi"	22.1527285	-100.9801939
"312"	32303090	2020	4	18	2020-04-18	"Spain"	"ES"	0	0	0	0	0	0	0	0	"ESGE and ESGENA Position Statement on gastrointestinal endoscopy and the COVID-19 pandemic."	"Hospital Clinic de Barcelona"	41.39088	2.153197
"313"	32302817	2020	4	18	2020-04-18	"Brazil"	"BR"	0	0	0	0	0	0	0	0	"When health professionals look death in the eye: the mental health of professionals who deal daily with the 2019 coronavirus outbreak."	"Universidade Federal do Cariri"	-7.2566399	-39.3070064
"314"	32302817	2020	4	18	2020-04-18	"Brazil"	"BR"	0	0	0	0	0	0	0	0	"When health professionals look death in the eye: the mental health of professionals who deal daily with the 2019 coronavirus outbreak."	"Universidade Federal do Ceara"	-3.7418863	-38.5411983
"315"	32302813	2020	4	18	2020-04-18	"Brazil"	"BR"	0	0	0	0	0	0	0	0	"People experiencing homelessness: Their potential exposure to COVID-19."	"Universidade Federal do Cariri"	-7.2566399	-39.3070064
"316"	32302813	2020	4	18	2020-04-18	"Brazil"	"BR"	0	0	0	0	0	0	0	0	"People experiencing homelessness: Their potential exposure to COVID-19."	"Universidade Federal do Ceara"	-3.7418863	-38.5411983
"317"	32302681	2020	4	18	2020-04-18	"Spain"	"ES"	0	0	0	0	0	0	0	0	"Practice recommendations for risk-adapted head and neck cancer radiotherapy during the COVID-19 pandemic: an ASTRO-ESTRO consensus statement."	"Hospital Vall d'Hebron"	41.4267719	2.14020432898055
"318"	32302407	2020	4	18	2020-04-18	"Portugal"	"PT"	0	0	0	0	0	0	0	0	"Impact of COVID-19 on Physical Therapist Practice in Portugal."	"Universidade do Lisboa"	38.6636057	-9.2071729
"319"	32302407	2020	4	18	2020-04-18	"Portugal"	"PT"	0	0	0	0	0	0	0	0	"Impact of COVID-19 on Physical Therapist Practice in Portugal."	"Centro Hospitalar Universitario Lisboa Norte, Hospital Santa Maria"	38.7488087	-9.1568475
"320"	32301966	2020	4	18	2020-04-18	"Mexico"	"MX"	0	0	0	0	0	0	0	0	"Albert Camus' 'The COVID-19 Plague' Revisited."	"Instituto Nacional de Salud Publica"	18.9775519	-99.2462215
"321"	32301600	2020	4	18	2020-04-18	"Brazil"	"BR"	0	0	0	0	0	0	0	0	"A review of initial data on pregnancy during the COVID-19 outbreak: implications for assisted reproductive treatments."	"Universidade do Sao Paulo"	-23.5597692	-46.7220744
"322"	32301600	2020	4	18	2020-04-18	"Brazil"	"BR"	0	0	0	0	0	0	0	0	"A review of initial data on pregnancy during the COVID-19 outbreak: implications for assisted reproductive treatments."	"Universidade Federal de Sao Paulo"	-23.594881	-46.649057
"323"	32301553	2020	4	18	2020-04-18	"Spain"	"ES"	0	0	0	0	0	0	0	0	"Lack of dyspnea in Covid-19 patients; another neurological conundrum?"	"Hospital del Mar"	41.383587	2.19402510679321
"324"	32301338	2020	4	18	2020-04-18	"Brazil"	"BR"	0	0	0	0	0	0	0	0	"COVID-19: Time for precision epidemiology."	"Universidade Estadual do Campinas"	-22.82275955	-47.0641447593658
"325"	32301221	2020	4	18	2020-04-18	"Spain"	"ES"	0	0	0	0	0	0	0	0	"A preliminary observation: male pattern hair loss among hospitalized COVID-19 patients in Spain - A potential clue to the role of androgens in COVID-19 severity."	"Universidad de Alcala"	40.4824722	-3.3650561
"326"	32301155	2020	4	18	2020-04-18	"Spain"	"ES"	1	1	0	1	1	0	1	0	"COVID-19 in solid organ transplant recipients: a single-center case series from Spain."	"Hospital Universitario 12 de Octubre"	40.3766795	-3.69886332684134
"327"	32300496	2020	4	18	2020-04-18	"Dominican Republic"	"DO"	0	0	0	0	0	0	0	1	"Coronavirus Disease: A Review of a New Threat to Public Health."	"Hospital Pediatrico Robert Reid Cabral"	18.4523145	-69.9258575
"328"	32299636	2020	4	18	2020-04-18	"Spain"	"ES"	0	0	0	0	0	0	0	0	"Should we expect neurological symptoms in the SARS-CoV-2 epidemic?"	"Hospital Clinico San Carlos"	40.4407045	-3.7219482
"329"	32305046	2020	4	19	2020-04-19	"Peru"	"PE"	0	0	0	0	0	0	0	0	"Severe COVID-19 during Pregnancy and Possible Vertical Transmission."	"Clinica Anglo Americana"	-12.109555	-77.039261
"330"	32305046	2020	4	19	2020-04-19	"Peru"	"PE"	0	0	0	0	0	0	0	0	"Severe COVID-19 during Pregnancy and Possible Vertical Transmission."	"Universidad Peruana Cayetano Heredia"	-12.0467134	-77.0300385
"331"	32304928	2020	4	19	2020-04-19	"Brazil"	"BR"	0	0	0	0	0	0	0	0	"When basic supplies are missing, what to do? Specific demands of the local street population in times of coronavirus - a concern of social psychiatry."	"Universidade Federal do Cariri"	-7.2566399	-39.3070064
"332"	32304642	2020	4	19	2020-04-19	"Spain"	"ES"	0	0	0	0	0	0	0	0	"COVID-19 in patients with HIV: clinical case series."	"Universitat de Barcelona"	41.3868913	2.16352384576632
"333"	32304639	2020	4	19	2020-04-19	"Spain"	"ES"	0	0	0	0	0	0	0	0	"Impact of COVID-19 on people with cystic fibrosis."	"Hospital Vall d'Hebron"	41.4267719	2.14020432898055
"334"	32304631	2020	4	19	2020-04-19	"Mexico"	"MX"	0	0	0	0	0	0	0	0	"COVID-19 and the coming epidemic in US immigration detention centres."	"Hospital Infantil Federico Gomez"	19.4108089	-99.1541185
"335"	32304371	2020	4	19	2020-04-19	"Mexico"	"MX"	0	0	0	0	0	0	0	1	"[Public health literacy in the face of the Covid-19 pandemic emergency]."	"Instituto Nacional de Salud Publica"	18.9775519	-99.2462215
"336"	32303970	2020	4	19	2020-04-19	"Brazil"	"BR"	0	0	0	0	0	0	0	0	"Gastrointestinal symptoms associated with severity of coronavirus disease 2019 (COVID-19): a pooled analysis."	"Universidade Federal do Parana"	-25.4269032	-49.2639545
"337"	32303650	2020	4	19	2020-04-19	"Spain"	"ES"	0	0	0	0	0	0	0	0	"Miller Fisher Syndrome and polyneuritis cranialis in COVID-19."	"Hospital Universitario 12 de Octubre"	40.3766795	-3.69886332684134
"338"	32303650	2020	4	19	2020-04-19	"Spain"	"ES"	0	0	0	0	0	0	0	0	"Miller Fisher Syndrome and polyneuritis cranialis in COVID-19."	"Universidad Complutense de Madrid"	40.4415049	-3.7319709
"339"	32303365	2020	4	19	2020-04-19	"Spain"	"ES"	0	0	0	0	0	0	0	1	"Two known therapies could be useful as adjuvant therapy in critical patients infected by COVID-19."	"Hospital Clinic de Barcelona"	41.39088	2.153197
